[2026-06-14T17:11:28.767-0700] {manager.py:470} INFO - Processing files using up to 1 processes at a time 
[2026-06-14T17:11:28.767-0700] {manager.py:471} INFO - Process each file at most once every 30 seconds
[2026-06-14T17:11:28.767-0700] {manager.py:472} INFO - Checking for new files in /Users/fatimanaqib/Documents/job-market-tracker/airflow/dags every 300 seconds
[2026-06-14T17:11:28.767-0700] {manager.py:737} INFO - Searching for files in /Users/fatimanaqib/Documents/job-market-tracker/airflow/dags
[2026-06-14T17:11:28.781-0700] {manager.py:740} INFO - There are 53 files in /Users/fatimanaqib/Documents/job-market-tracker/airflow/dags
[2026-06-14T17:11:29.456-0700] {manager.py:878} INFO - 
================================================================================
DAG File Processing Stats

File Path                                                                                                                                                           PID    Runtime      # DAGs    # Errors  Last Runtime    Last Run
------------------------------------------------------------------------------------------------------------------------------------------------------------------  -----  ---------  --------  ----------  --------------  -------------------
/Users/fatimanaqib/Documents/job-market-tracker/.venv/lib/python3.11/site-packages/airflow/example_dags/subdags/subdag.py                                                                    0           0  0.64s           2026-06-15T00:11:29
/Users/fatimanaqib/Documents/job-market-tracker/airflow/dags/__init__.py                                                                                                                     0           0
/Users/fatimanaqib/Documents/job-market-tracker/airflow/dags/job_ingestion_dag.py                                                                                                            0           0
/Users/fatimanaqib/Documents/job-market-tracker/.venv/lib/python3.11/site-packages/airflow/example_dags/example_latest_only.py                                                               0           0
/Users/fatimanaqib/Documents/job-market-tracker/.venv/lib/python3.11/site-packages/airflow/example_dags/example_local_kubernetes_executor.py                                                 0           0
/Users/fatimanaqib/Documents/job-market-tracker/.venv/lib/python3.11/site-packages/airflow/example_dags/example_task_group_decorator.py                                                      0           0
/Users/fatimanaqib/Documents/job-market-tracker/.venv/lib/python3.11/site-packages/airflow/example_dags/example_complex.py                                                                   0           0
/Users/fatimanaqib/Documents/job-market-tracker/.venv/lib/python3.11/site-packages/airflow/example_dags/example_python_operator.py                                                           0           0
/Users/fatimanaqib/Documents/job-market-tracker/.venv/lib/python3.11/site-packages/airflow/example_dags/tutorial_taskflow_api_virtualenv.py                                                  0           0
/Users/fatimanaqib/Documents/job-market-tracker/.venv/lib/python3.11/site-packages/airflow/example_dags/example_params_trigger_ui.py                                                         0           0
/Users/fatimanaqib/Documents/job-market-tracker/.venv/lib/python3.11/site-packages/airflow/example_dags/example_external_task_marker_dag.py                                                  0           0
/Users/fatimanaqib/Documents/job-market-tracker/.venv/lib/python3.11/site-packages/airflow/example_dags/tutorial_objectstorage.py                                                            0           0
/Users/fatimanaqib/Documents/job-market-tracker/.venv/lib/python3.11/site-packages/airflow/example_dags/example_bash_operator.py                                                             0           0
/Users/fatimanaqib/Documents/job-market-tracker/.venv/lib/python3.11/site-packages/airflow/example_dags/example_short_circuit_operator.py                                                    0           0
/Users/fatimanaqib/Documents/job-market-tracker/.venv/lib/python3.11/site-packages/airflow/example_dags/example_setup_teardown.py                                                            0           0
/Users/fatimanaqib/Documents/job-market-tracker/.venv/lib/python3.11/site-packages/airflow/example_dags/example_branch_operator.py                                                           0           0
/Users/fatimanaqib/Documents/job-market-tracker/.venv/lib/python3.11/site-packages/airflow/example_dags/example_branch_labels.py                                                             0           0
/Users/fatimanaqib/Documents/job-market-tracker/.venv/lib/python3.11/site-packages/airflow/example_dags/tutorial_taskflow_api.py                                                             0           0
/Users/fatimanaqib/Documents/job-market-tracker/.venv/lib/python3.11/site-packages/airflow/example_dags/example_task_group.py                                                                0           0
/Users/fatimanaqib/Documents/job-market-tracker/.venv/lib/python3.11/site-packages/airflow/example_dags/tutorial.py                                                                          0           0
/Users/fatimanaqib/Documents/job-market-tracker/.venv/lib/python3.11/site-packages/airflow/example_dags/example_python_decorator.py                                                          0           0
/Users/fatimanaqib/Documents/job-market-tracker/.venv/lib/python3.11/site-packages/airflow/example_dags/example_sla_dag.py                                                                   0           0
/Users/fatimanaqib/Documents/job-market-tracker/.venv/lib/python3.11/site-packages/airflow/example_dags/example_passing_params_via_test_command.py                                           0           0
/Users/fatimanaqib/Documents/job-market-tracker/.venv/lib/python3.11/site-packages/airflow/example_dags/example_latest_only_with_trigger.py                                                  0           0
/Users/fatimanaqib/Documents/job-market-tracker/.venv/lib/python3.11/site-packages/airflow/example_dags/example_time_delta_sensor_async.py                                                   0           0
/Users/fatimanaqib/Documents/job-market-tracker/.venv/lib/python3.11/site-packages/airflow/example_dags/example_dag_decorator.py                                                             0           0
/Users/fatimanaqib/Documents/job-market-tracker/.venv/lib/python3.11/site-packages/airflow/example_dags/example_xcom.py                                                                      0           0
/Users/fatimanaqib/Documents/job-market-tracker/.venv/lib/python3.11/site-packages/airflow/example_dags/example_xcomargs.py                                                                  0           0
/Users/fatimanaqib/Documents/job-market-tracker/.venv/lib/python3.11/site-packages/airflow/example_dags/example_display_name.py                                                              0           0
/Users/fatimanaqib/Documents/job-market-tracker/.venv/lib/python3.11/site-packages/airflow/example_dags/example_branch_operator_decorator.py                                                 0           0
/Users/fatimanaqib/Documents/job-market-tracker/.venv/lib/python3.11/site-packages/airflow/example_dags/example_branch_day_of_week_operator.py                                               0           0
/Users/fatimanaqib/Documents/job-market-tracker/.venv/lib/python3.11/site-packages/airflow/example_dags/example_skip_dag.py                                                                  0           0
/Users/fatimanaqib/Documents/job-market-tracker/.venv/lib/python3.11/site-packages/airflow/example_dags/example_short_circuit_decorator.py                                                   0           0
/Users/fatimanaqib/Documents/job-market-tracker/.venv/lib/python3.11/site-packages/airflow/example_dags/example_datasets.py                                                                  0           0
/Users/fatimanaqib/Documents/job-market-tracker/.venv/lib/python3.11/site-packages/airflow/example_dags/tutorial_dag.py                                                                      0           0
/Users/fatimanaqib/Documents/job-market-tracker/.venv/lib/python3.11/site-packages/airflow/example_dags/example_trigger_target_dag.py                                                        0           0
/Users/fatimanaqib/Documents/job-market-tracker/.venv/lib/python3.11/site-packages/airflow/example_dags/example_bash_decorator.py                                                            0           0
/Users/fatimanaqib/Documents/job-market-tracker/.venv/lib/python3.11/site-packages/airflow/example_dags/example_sensor_decorator.py                                                          0           0
/Users/fatimanaqib/Documents/job-market-tracker/.venv/lib/python3.11/site-packages/airflow/example_dags/example_kubernetes_executor.py                                                       0           0
/Users/fatimanaqib/Documents/job-market-tracker/.venv/lib/python3.11/site-packages/airflow/example_dags/example_branch_python_dop_operator_3.py                                              0           0
/Users/fatimanaqib/Documents/job-market-tracker/.venv/lib/python3.11/site-packages/airflow/example_dags/example_sensors.py                                                                   0           0
/Users/fatimanaqib/Documents/job-market-tracker/.venv/lib/python3.11/site-packages/airflow/example_dags/example_setup_teardown_taskflow.py                                                   0           0
/Users/fatimanaqib/Documents/job-market-tracker/.venv/lib/python3.11/site-packages/airflow/example_dags/example_branch_datetime_operator.py                                                  0           0
/Users/fatimanaqib/Documents/job-market-tracker/.venv/lib/python3.11/site-packages/airflow/example_dags/example_nested_branch_dag.py                                                         0           0
/Users/fatimanaqib/Documents/job-market-tracker/.venv/lib/python3.11/site-packages/airflow/example_dags/example_subdag_operator.py                                                           0           0
/Users/fatimanaqib/Documents/job-market-tracker/.venv/lib/python3.11/site-packages/airflow/example_dags/example_dynamic_task_mapping_with_no_taskflow_operators.py                           0           0
/Users/fatimanaqib/Documents/job-market-tracker/.venv/lib/python3.11/site-packages/airflow/example_dags/example_trigger_controller_dag.py                                                    0           0
/Users/fatimanaqib/Documents/job-market-tracker/.venv/lib/python3.11/site-packages/airflow/example_dags/example_params_ui_tutorial.py                                                        0           0
/Users/fatimanaqib/Documents/job-market-tracker/.venv/lib/python3.11/site-packages/airflow/example_dags/example_dynamic_task_mapping.py                                                      0           0
/Users/fatimanaqib/Documents/job-market-tracker/.venv/lib/python3.11/site-packages/airflow/example_dags/plugins/decreasing_priority_weight_strategy.py                                       0           0
/Users/fatimanaqib/Documents/job-market-tracker/.venv/lib/python3.11/site-packages/airflow/example_dags/plugins/workday.py                                                                   0           0
/Users/fatimanaqib/Documents/job-market-tracker/.venv/lib/python3.11/site-packages/airflow/example_dags/plugins/event_listener.py                                                            0           0
/Users/fatimanaqib/Documents/job-market-tracker/.venv/lib/python3.11/site-packages/airflow/example_dags/plugins/listener_plugin.py                                                           0           0
================================================================================
[2026-06-14T17:11:59.566-0700] {manager.py:878} INFO - 
================================================================================
DAG File Processing Stats

File Path                                                                                                                                                           PID    Runtime      # DAGs    # Errors  Last Runtime    Last Run
------------------------------------------------------------------------------------------------------------------------------------------------------------------  -----  ---------  --------  ----------  --------------  -------------------
/Users/fatimanaqib/Documents/job-market-tracker/.venv/lib/python3.11/site-packages/airflow/example_dags/tutorial_objectstorage.py                                                            1           0  0.94s           2026-06-15T00:11:41
/Users/fatimanaqib/Documents/job-market-tracker/.venv/lib/python3.11/site-packages/airflow/example_dags/tutorial_taskflow_api.py                                                             1           0  0.85s           2026-06-15T00:11:39
/Users/fatimanaqib/Documents/job-market-tracker/.venv/lib/python3.11/site-packages/airflow/example_dags/example_skip_dag.py                                                                  1           0  0.84s           2026-06-15T00:11:59
/Users/fatimanaqib/Documents/job-market-tracker/.venv/lib/python3.11/site-packages/airflow/example_dags/example_sla_dag.py                                                                   1           0  0.78s           2026-06-15T00:11:57
/Users/fatimanaqib/Documents/job-market-tracker/.venv/lib/python3.11/site-packages/airflow/example_dags/example_subdag_operator.py                                                           3           0  0.78s           2026-06-15T00:11:55
/Users/fatimanaqib/Documents/job-market-tracker/.venv/lib/python3.11/site-packages/airflow/example_dags/example_xcomargs.py                                                                  2           0  0.76s           2026-06-15T00:11:44
/Users/fatimanaqib/Documents/job-market-tracker/.venv/lib/python3.11/site-packages/airflow/example_dags/example_xcom.py                                                                      1           0  0.75s           2026-06-15T00:11:46
/Users/fatimanaqib/Documents/job-market-tracker/.venv/lib/python3.11/site-packages/airflow/example_dags/tutorial_dag.py                                                                      1           0  0.74s           2026-06-15T00:11:42
/Users/fatimanaqib/Documents/job-market-tracker/.venv/lib/python3.11/site-packages/airflow/example_dags/example_trigger_target_dag.py                                                        1           0  0.74s           2026-06-15T00:11:48
/Users/fatimanaqib/Documents/job-market-tracker/.venv/lib/python3.11/site-packages/airflow/example_dags/example_task_group.py                                                                1           0  0.74s           2026-06-15T00:11:54
/Users/fatimanaqib/Documents/job-market-tracker/.venv/lib/python3.11/site-packages/airflow/example_dags/example_trigger_controller_dag.py                                                    1           0  0.73s           2026-06-15T00:11:49
/Users/fatimanaqib/Documents/job-market-tracker/.venv/lib/python3.11/site-packages/airflow/example_dags/example_task_group_decorator.py                                                      1           0  0.72s           2026-06-15T00:11:52
/Users/fatimanaqib/Documents/job-market-tracker/.venv/lib/python3.11/site-packages/airflow/example_dags/tutorial.py                                                                          1           0  0.72s           2026-06-15T00:11:43
/Users/fatimanaqib/Documents/job-market-tracker/.venv/lib/python3.11/site-packages/airflow/example_dags/plugins/workday.py                                                                   0           0  0.68s           2026-06-15T00:11:31
/Users/fatimanaqib/Documents/job-market-tracker/.venv/lib/python3.11/site-packages/airflow/example_dags/plugins/event_listener.py                                                            0           0  0.67s           2026-06-15T00:11:33
/Users/fatimanaqib/Documents/job-market-tracker/.venv/lib/python3.11/site-packages/airflow/example_dags/tutorial_taskflow_api_virtualenv.py                                                  0           0  0.67s           2026-06-15T00:11:37
/Users/fatimanaqib/Documents/job-market-tracker/.venv/lib/python3.11/site-packages/airflow/example_dags/plugins/decreasing_priority_weight_strategy.py                                       0           0  0.66s           2026-06-15T00:11:35
/Users/fatimanaqib/Documents/job-market-tracker/.venv/lib/python3.11/site-packages/airflow/example_dags/example_time_delta_sensor_async.py                                                   1           0  0.65s           2026-06-15T00:11:50
/Users/fatimanaqib/Documents/job-market-tracker/.venv/lib/python3.11/site-packages/airflow/example_dags/subdags/subdag.py                                                                    0           0  0.64s           2026-06-15T00:11:29
/Users/fatimanaqib/Documents/job-market-tracker/.venv/lib/python3.11/site-packages/airflow/example_dags/plugins/listener_plugin.py                                                           0           0  0.62s           2026-06-15T00:11:32
/Users/fatimanaqib/Documents/job-market-tracker/airflow/dags/__init__.py                                                                                                                     0           0
/Users/fatimanaqib/Documents/job-market-tracker/airflow/dags/job_ingestion_dag.py                                                                                                            0           0
/Users/fatimanaqib/Documents/job-market-tracker/.venv/lib/python3.11/site-packages/airflow/example_dags/example_latest_only.py                                                               0           0
/Users/fatimanaqib/Documents/job-market-tracker/.venv/lib/python3.11/site-packages/airflow/example_dags/example_local_kubernetes_executor.py                                                 0           0
/Users/fatimanaqib/Documents/job-market-tracker/.venv/lib/python3.11/site-packages/airflow/example_dags/example_complex.py                                                                   0           0
/Users/fatimanaqib/Documents/job-market-tracker/.venv/lib/python3.11/site-packages/airflow/example_dags/example_python_operator.py                                                           0           0
/Users/fatimanaqib/Documents/job-market-tracker/.venv/lib/python3.11/site-packages/airflow/example_dags/example_params_trigger_ui.py                                                         0           0
/Users/fatimanaqib/Documents/job-market-tracker/.venv/lib/python3.11/site-packages/airflow/example_dags/example_external_task_marker_dag.py                                                  0           0
/Users/fatimanaqib/Documents/job-market-tracker/.venv/lib/python3.11/site-packages/airflow/example_dags/example_bash_operator.py                                                             0           0
/Users/fatimanaqib/Documents/job-market-tracker/.venv/lib/python3.11/site-packages/airflow/example_dags/example_short_circuit_operator.py                                                    0           0
/Users/fatimanaqib/Documents/job-market-tracker/.venv/lib/python3.11/site-packages/airflow/example_dags/example_setup_teardown.py                                                            0           0
/Users/fatimanaqib/Documents/job-market-tracker/.venv/lib/python3.11/site-packages/airflow/example_dags/example_branch_operator.py                                                           0           0
/Users/fatimanaqib/Documents/job-market-tracker/.venv/lib/python3.11/site-packages/airflow/example_dags/example_branch_labels.py                                                             0           0
/Users/fatimanaqib/Documents/job-market-tracker/.venv/lib/python3.11/site-packages/airflow/example_dags/example_python_decorator.py                                                          0           0
/Users/fatimanaqib/Documents/job-market-tracker/.venv/lib/python3.11/site-packages/airflow/example_dags/example_passing_params_via_test_command.py                                           0           0
/Users/fatimanaqib/Documents/job-market-tracker/.venv/lib/python3.11/site-packages/airflow/example_dags/example_latest_only_with_trigger.py                                                  0           0
/Users/fatimanaqib/Documents/job-market-tracker/.venv/lib/python3.11/site-packages/airflow/example_dags/example_dag_decorator.py                                                             0           0
/Users/fatimanaqib/Documents/job-market-tracker/.venv/lib/python3.11/site-packages/airflow/example_dags/example_display_name.py                                                              0           0
/Users/fatimanaqib/Documents/job-market-tracker/.venv/lib/python3.11/site-packages/airflow/example_dags/example_branch_operator_decorator.py                                                 0           0
/Users/fatimanaqib/Documents/job-market-tracker/.venv/lib/python3.11/site-packages/airflow/example_dags/example_branch_day_of_week_operator.py                                               0           0
/Users/fatimanaqib/Documents/job-market-tracker/.venv/lib/python3.11/site-packages/airflow/example_dags/example_short_circuit_decorator.py                                                   0           0
/Users/fatimanaqib/Documents/job-market-tracker/.venv/lib/python3.11/site-packages/airflow/example_dags/example_datasets.py                                                                  0           0
/Users/fatimanaqib/Documents/job-market-tracker/.venv/lib/python3.11/site-packages/airflow/example_dags/example_bash_decorator.py                                                            0           0
/Users/fatimanaqib/Documents/job-market-tracker/.venv/lib/python3.11/site-packages/airflow/example_dags/example_sensor_decorator.py                                                          0           0
/Users/fatimanaqib/Documents/job-market-tracker/.venv/lib/python3.11/site-packages/airflow/example_dags/example_kubernetes_executor.py                                                       0           0
/Users/fatimanaqib/Documents/job-market-tracker/.venv/lib/python3.11/site-packages/airflow/example_dags/example_branch_python_dop_operator_3.py                                              0           0
/Users/fatimanaqib/Documents/job-market-tracker/.venv/lib/python3.11/site-packages/airflow/example_dags/example_sensors.py                                                                   0           0
/Users/fatimanaqib/Documents/job-market-tracker/.venv/lib/python3.11/site-packages/airflow/example_dags/example_setup_teardown_taskflow.py                                                   0           0
/Users/fatimanaqib/Documents/job-market-tracker/.venv/lib/python3.11/site-packages/airflow/example_dags/example_branch_datetime_operator.py                                                  0           0
/Users/fatimanaqib/Documents/job-market-tracker/.venv/lib/python3.11/site-packages/airflow/example_dags/example_nested_branch_dag.py                                                         0           0
/Users/fatimanaqib/Documents/job-market-tracker/.venv/lib/python3.11/site-packages/airflow/example_dags/example_dynamic_task_mapping_with_no_taskflow_operators.py                           0           0
/Users/fatimanaqib/Documents/job-market-tracker/.venv/lib/python3.11/site-packages/airflow/example_dags/example_params_ui_tutorial.py                                                        0           0
/Users/fatimanaqib/Documents/job-market-tracker/.venv/lib/python3.11/site-packages/airflow/example_dags/example_dynamic_task_mapping.py                                                      0           0
================================================================================
[2026-06-14T17:12:30.073-0700] {manager.py:878} INFO - 
================================================================================
DAG File Processing Stats

File Path                                                                                                                                                           PID    Runtime      # DAGs    # Errors  Last Runtime    Last Run
------------------------------------------------------------------------------------------------------------------------------------------------------------------  -----  ---------  --------  ----------  --------------  -------------------
/Users/fatimanaqib/Documents/job-market-tracker/.venv/lib/python3.11/site-packages/airflow/example_dags/tutorial_objectstorage.py                                                            1           0  0.94s           2026-06-15T00:11:41
/Users/fatimanaqib/Documents/job-market-tracker/.venv/lib/python3.11/site-packages/airflow/example_dags/example_short_circuit_decorator.py                                                   1           0  0.92s           2026-06-15T00:12:01
/Users/fatimanaqib/Documents/job-market-tracker/.venv/lib/python3.11/site-packages/airflow/example_dags/example_params_trigger_ui.py                                                         1           0  0.92s           2026-06-15T00:12:18
/Users/fatimanaqib/Documents/job-market-tracker/.venv/lib/python3.11/site-packages/airflow/example_dags/example_short_circuit_operator.py                                                    1           0  0.89s           2026-06-15T00:12:00
/Users/fatimanaqib/Documents/job-market-tracker/.venv/lib/python3.11/site-packages/airflow/example_dags/example_params_ui_tutorial.py                                                        1           0  0.87s           2026-06-15T00:12:16
/Users/fatimanaqib/Documents/job-market-tracker/.venv/lib/python3.11/site-packages/airflow/example_dags/tutorial_taskflow_api.py                                                             1           0  0.85s           2026-06-15T00:11:39
/Users/fatimanaqib/Documents/job-market-tracker/.venv/lib/python3.11/site-packages/airflow/example_dags/example_passing_params_via_test_command.py                                           1           0  0.85s           2026-06-15T00:12:14
/Users/fatimanaqib/Documents/job-market-tracker/.venv/lib/python3.11/site-packages/airflow/example_dags/example_skip_dag.py                                                                  1           0  0.84s           2026-06-15T00:11:59
/Users/fatimanaqib/Documents/job-market-tracker/.venv/lib/python3.11/site-packages/airflow/example_dags/example_python_operator.py                                                           1           0  0.81s           2026-06-15T00:12:10
/Users/fatimanaqib/Documents/job-market-tracker/.venv/lib/python3.11/site-packages/airflow/example_dags/example_external_task_marker_dag.py                                                  2           0  0.80s           2026-06-15T00:12:27
/Users/fatimanaqib/Documents/job-market-tracker/.venv/lib/python3.11/site-packages/airflow/example_dags/example_setup_teardown_taskflow.py                                                   1           0  0.80s           2026-06-15T00:12:03
/Users/fatimanaqib/Documents/job-market-tracker/.venv/lib/python3.11/site-packages/airflow/example_dags/example_latest_only.py                                                               1           0  0.79s           2026-06-15T00:12:24
/Users/fatimanaqib/Documents/job-market-tracker/.venv/lib/python3.11/site-packages/airflow/example_dags/example_nested_branch_dag.py                                                         1           0  0.79s           2026-06-15T00:12:20
/Users/fatimanaqib/Documents/job-market-tracker/.venv/lib/python3.11/site-packages/airflow/example_dags/example_dynamic_task_mapping.py                                                      1           0  0.79s           2026-06-15T00:12:30
/Users/fatimanaqib/Documents/job-market-tracker/.venv/lib/python3.11/site-packages/airflow/example_dags/example_sensor_decorator.py                                                          1           0  0.78s           2026-06-15T00:12:08
/Users/fatimanaqib/Documents/job-market-tracker/.venv/lib/python3.11/site-packages/airflow/example_dags/example_sla_dag.py                                                                   1           0  0.78s           2026-06-15T00:11:57
/Users/fatimanaqib/Documents/job-market-tracker/.venv/lib/python3.11/site-packages/airflow/example_dags/example_python_decorator.py                                                          1           0  0.78s           2026-06-15T00:12:12
/Users/fatimanaqib/Documents/job-market-tracker/.venv/lib/python3.11/site-packages/airflow/example_dags/example_subdag_operator.py                                                           3           0  0.78s           2026-06-15T00:11:55
/Users/fatimanaqib/Documents/job-market-tracker/.venv/lib/python3.11/site-packages/airflow/example_dags/example_sensors.py                                                                   1           0  0.76s           2026-06-15T00:12:07
/Users/fatimanaqib/Documents/job-market-tracker/.venv/lib/python3.11/site-packages/airflow/example_dags/example_xcomargs.py                                                                  2           0  0.76s           2026-06-15T00:11:44
/Users/fatimanaqib/Documents/job-market-tracker/.venv/lib/python3.11/site-packages/airflow/example_dags/example_latest_only_with_trigger.py                                                  1           0  0.75s           2026-06-15T00:12:23
/Users/fatimanaqib/Documents/job-market-tracker/.venv/lib/python3.11/site-packages/airflow/example_dags/example_xcom.py                                                                      1           0  0.75s           2026-06-15T00:11:46
/Users/fatimanaqib/Documents/job-market-tracker/.venv/lib/python3.11/site-packages/airflow/example_dags/tutorial_dag.py                                                                      1           0  0.74s           2026-06-15T00:11:42
/Users/fatimanaqib/Documents/job-market-tracker/.venv/lib/python3.11/site-packages/airflow/example_dags/example_trigger_target_dag.py                                                        1           0  0.74s           2026-06-15T00:11:48
/Users/fatimanaqib/Documents/job-market-tracker/.venv/lib/python3.11/site-packages/airflow/example_dags/example_dynamic_task_mapping_with_no_taskflow_operators.py                           1           0  0.74s           2026-06-15T00:12:28
/Users/fatimanaqib/Documents/job-market-tracker/.venv/lib/python3.11/site-packages/airflow/example_dags/example_task_group.py                                                                1           0  0.74s           2026-06-15T00:11:54
/Users/fatimanaqib/Documents/job-market-tracker/.venv/lib/python3.11/site-packages/airflow/example_dags/example_trigger_controller_dag.py                                                    1           0  0.73s           2026-06-15T00:11:49
/Users/fatimanaqib/Documents/job-market-tracker/.venv/lib/python3.11/site-packages/airflow/example_dags/example_task_group_decorator.py                                                      1           0  0.72s           2026-06-15T00:11:52
/Users/fatimanaqib/Documents/job-market-tracker/.venv/lib/python3.11/site-packages/airflow/example_dags/tutorial.py                                                                          1           0  0.72s           2026-06-15T00:11:43
/Users/fatimanaqib/Documents/job-market-tracker/.venv/lib/python3.11/site-packages/airflow/example_dags/example_setup_teardown.py                                                            1           0  0.70s           2026-06-15T00:12:05
/Users/fatimanaqib/Documents/job-market-tracker/.venv/lib/python3.11/site-packages/airflow/example_dags/example_kubernetes_executor.py                                                       0           0  0.68s           2026-06-15T00:12:25
/Users/fatimanaqib/Documents/job-market-tracker/.venv/lib/python3.11/site-packages/airflow/example_dags/plugins/workday.py                                                                   0           0  0.68s           2026-06-15T00:11:31
/Users/fatimanaqib/Documents/job-market-tracker/.venv/lib/python3.11/site-packages/airflow/example_dags/plugins/event_listener.py                                                            0           0  0.67s           2026-06-15T00:11:33
/Users/fatimanaqib/Documents/job-market-tracker/.venv/lib/python3.11/site-packages/airflow/example_dags/example_local_kubernetes_executor.py                                                 0           0  0.67s           2026-06-15T00:12:21
/Users/fatimanaqib/Documents/job-market-tracker/.venv/lib/python3.11/site-packages/airflow/example_dags/tutorial_taskflow_api_virtualenv.py                                                  0           0  0.67s           2026-06-15T00:11:37
/Users/fatimanaqib/Documents/job-market-tracker/.venv/lib/python3.11/site-packages/airflow/example_dags/plugins/decreasing_priority_weight_strategy.py                                       0           0  0.66s           2026-06-15T00:11:35
/Users/fatimanaqib/Documents/job-market-tracker/.venv/lib/python3.11/site-packages/airflow/example_dags/example_time_delta_sensor_async.py                                                   1           0  0.65s           2026-06-15T00:11:50
/Users/fatimanaqib/Documents/job-market-tracker/.venv/lib/python3.11/site-packages/airflow/example_dags/subdags/subdag.py                                                                    0           0  0.64s           2026-06-15T00:11:29
/Users/fatimanaqib/Documents/job-market-tracker/.venv/lib/python3.11/site-packages/airflow/example_dags/plugins/listener_plugin.py                                                           0           0  0.62s           2026-06-15T00:11:32
/Users/fatimanaqib/Documents/job-market-tracker/airflow/dags/__init__.py                                                                                                                     0           0
/Users/fatimanaqib/Documents/job-market-tracker/airflow/dags/job_ingestion_dag.py                                                                                                            0           0
/Users/fatimanaqib/Documents/job-market-tracker/.venv/lib/python3.11/site-packages/airflow/example_dags/example_complex.py                                                                   0           0
/Users/fatimanaqib/Documents/job-market-tracker/.venv/lib/python3.11/site-packages/airflow/example_dags/example_bash_operator.py                                                             0           0
/Users/fatimanaqib/Documents/job-market-tracker/.venv/lib/python3.11/site-packages/airflow/example_dags/example_branch_operator.py                                                           0           0
/Users/fatimanaqib/Documents/job-market-tracker/.venv/lib/python3.11/site-packages/airflow/example_dags/example_branch_labels.py                                                             0           0
/Users/fatimanaqib/Documents/job-market-tracker/.venv/lib/python3.11/site-packages/airflow/example_dags/example_dag_decorator.py                                                             0           0
/Users/fatimanaqib/Documents/job-market-tracker/.venv/lib/python3.11/site-packages/airflow/example_dags/example_display_name.py                                                              0           0
/Users/fatimanaqib/Documents/job-market-tracker/.venv/lib/python3.11/site-packages/airflow/example_dags/example_branch_operator_decorator.py                                                 0           0
/Users/fatimanaqib/Documents/job-market-tracker/.venv/lib/python3.11/site-packages/airflow/example_dags/example_branch_day_of_week_operator.py                                               0           0
/Users/fatimanaqib/Documents/job-market-tracker/.venv/lib/python3.11/site-packages/airflow/example_dags/example_datasets.py                                                                  0           0
/Users/fatimanaqib/Documents/job-market-tracker/.venv/lib/python3.11/site-packages/airflow/example_dags/example_bash_decorator.py                                                            0           0
/Users/fatimanaqib/Documents/job-market-tracker/.venv/lib/python3.11/site-packages/airflow/example_dags/example_branch_python_dop_operator_3.py                                              0           0
/Users/fatimanaqib/Documents/job-market-tracker/.venv/lib/python3.11/site-packages/airflow/example_dags/example_branch_datetime_operator.py                                                  0           0
================================================================================
[2026-06-14T17:13:01.529-0700] {manager.py:878} INFO - 
================================================================================
DAG File Processing Stats

File Path                                                                                                                                                           PID    Runtime      # DAGs    # Errors  Last Runtime    Last Run
------------------------------------------------------------------------------------------------------------------------------------------------------------------  -----  ---------  --------  ----------  --------------  -------------------
/Users/fatimanaqib/Documents/job-market-tracker/.venv/lib/python3.11/site-packages/airflow/example_dags/tutorial_objectstorage.py                                                            1           0  0.94s           2026-06-15T00:11:41
/Users/fatimanaqib/Documents/job-market-tracker/.venv/lib/python3.11/site-packages/airflow/example_dags/example_short_circuit_decorator.py                                                   1           0  0.92s           2026-06-15T00:12:01
/Users/fatimanaqib/Documents/job-market-tracker/.venv/lib/python3.11/site-packages/airflow/example_dags/example_params_trigger_ui.py                                                         1           0  0.92s           2026-06-15T00:12:18
/Users/fatimanaqib/Documents/job-market-tracker/.venv/lib/python3.11/site-packages/airflow/example_dags/example_datasets.py                                                                 10           0  0.90s           2026-06-15T00:12:33
/Users/fatimanaqib/Documents/job-market-tracker/.venv/lib/python3.11/site-packages/airflow/example_dags/example_short_circuit_operator.py                                                    1           0  0.89s           2026-06-15T00:12:00
/Users/fatimanaqib/Documents/job-market-tracker/.venv/lib/python3.11/site-packages/airflow/example_dags/example_branch_python_dop_operator_3.py                                              1           0  0.88s           2026-06-15T00:12:39
/Users/fatimanaqib/Documents/job-market-tracker/.venv/lib/python3.11/site-packages/airflow/example_dags/example_params_ui_tutorial.py                                                        1           0  0.87s           2026-06-15T00:12:16
/Users/fatimanaqib/Documents/job-market-tracker/.venv/lib/python3.11/site-packages/airflow/example_dags/tutorial_taskflow_api.py                                                             1           0  0.85s           2026-06-15T00:11:39
/Users/fatimanaqib/Documents/job-market-tracker/.venv/lib/python3.11/site-packages/airflow/example_dags/example_passing_params_via_test_command.py                                           1           0  0.85s           2026-06-15T00:12:14
/Users/fatimanaqib/Documents/job-market-tracker/.venv/lib/python3.11/site-packages/airflow/example_dags/example_skip_dag.py                                                                  1           0  0.84s           2026-06-15T00:11:59
/Users/fatimanaqib/Documents/job-market-tracker/.venv/lib/python3.11/site-packages/airflow/example_dags/example_dag_decorator.py                                                             1           0  0.84s           2026-06-15T00:12:35
/Users/fatimanaqib/Documents/job-market-tracker/.venv/lib/python3.11/site-packages/airflow/example_dags/example_branch_labels.py                                                             1           0  0.81s           2026-06-15T00:12:44
/Users/fatimanaqib/Documents/job-market-tracker/.venv/lib/python3.11/site-packages/airflow/example_dags/example_python_operator.py                                                           1           0  0.81s           2026-06-15T00:12:10
/Users/fatimanaqib/Documents/job-market-tracker/.venv/lib/python3.11/site-packages/airflow/example_dags/example_display_name.py                                                              1           0  0.80s           2026-06-15T00:12:31
/Users/fatimanaqib/Documents/job-market-tracker/.venv/lib/python3.11/site-packages/airflow/example_dags/example_external_task_marker_dag.py                                                  2           0  0.80s           2026-06-15T00:12:27
/Users/fatimanaqib/Documents/job-market-tracker/.venv/lib/python3.11/site-packages/airflow/example_dags/example_bash_operator.py                                                             1           0  0.80s           2026-06-15T00:12:48
/Users/fatimanaqib/Documents/job-market-tracker/.venv/lib/python3.11/site-packages/airflow/example_dags/example_setup_teardown_taskflow.py                                                   1           0  0.80s           2026-06-15T00:12:03
/Users/fatimanaqib/Documents/job-market-tracker/.venv/lib/python3.11/site-packages/airflow/example_dags/example_latest_only.py                                                               1           0  0.79s           2026-06-15T00:12:24
/Users/fatimanaqib/Documents/job-market-tracker/.venv/lib/python3.11/site-packages/airflow/example_dags/example_nested_branch_dag.py                                                         1           0  0.79s           2026-06-15T00:12:20
/Users/fatimanaqib/Documents/job-market-tracker/.venv/lib/python3.11/site-packages/airflow/example_dags/example_dynamic_task_mapping.py                                                      1           0  0.79s           2026-06-15T00:12:30
/Users/fatimanaqib/Documents/job-market-tracker/.venv/lib/python3.11/site-packages/airflow/example_dags/example_sensor_decorator.py                                                          1           0  0.78s           2026-06-15T00:12:08
/Users/fatimanaqib/Documents/job-market-tracker/.venv/lib/python3.11/site-packages/airflow/example_dags/example_sla_dag.py                                                                   1           0  0.78s           2026-06-15T00:11:57
/Users/fatimanaqib/Documents/job-market-tracker/.venv/lib/python3.11/site-packages/airflow/example_dags/example_branch_day_of_week_operator.py                                               1           0  0.78s           2026-06-15T00:12:45
/Users/fatimanaqib/Documents/job-market-tracker/.venv/lib/python3.11/site-packages/airflow/example_dags/example_python_decorator.py                                                          1           0  0.78s           2026-06-15T00:12:12
/Users/fatimanaqib/Documents/job-market-tracker/.venv/lib/python3.11/site-packages/airflow/example_dags/example_subdag_operator.py                                                           3           0  0.78s           2026-06-15T00:11:55
/Users/fatimanaqib/Documents/job-market-tracker/.venv/lib/python3.11/site-packages/airflow/example_dags/example_bash_decorator.py                                                            1           0  0.77s           2026-06-15T00:12:50
/Users/fatimanaqib/Documents/job-market-tracker/.venv/lib/python3.11/site-packages/airflow/example_dags/example_sensors.py                                                                   1           0  0.76s           2026-06-15T00:12:07
/Users/fatimanaqib/Documents/job-market-tracker/airflow/dags/job_ingestion_dag.py                                                                                                            1           0  0.76s           2026-06-15T00:12:52
/Users/fatimanaqib/Documents/job-market-tracker/.venv/lib/python3.11/site-packages/airflow/example_dags/example_xcomargs.py                                                                  2           0  0.76s           2026-06-15T00:11:44
/Users/fatimanaqib/Documents/job-market-tracker/.venv/lib/python3.11/site-packages/airflow/example_dags/example_latest_only_with_trigger.py                                                  1           0  0.75s           2026-06-15T00:12:23
/Users/fatimanaqib/Documents/job-market-tracker/.venv/lib/python3.11/site-packages/airflow/example_dags/example_xcom.py                                                                      1           0  0.75s           2026-06-15T00:11:46
/Users/fatimanaqib/Documents/job-market-tracker/.venv/lib/python3.11/site-packages/airflow/example_dags/example_branch_datetime_operator.py                                                  3           0  0.74s           2026-06-15T00:12:46
/Users/fatimanaqib/Documents/job-market-tracker/.venv/lib/python3.11/site-packages/airflow/example_dags/tutorial_dag.py                                                                      1           0  0.74s           2026-06-15T00:11:42
/Users/fatimanaqib/Documents/job-market-tracker/.venv/lib/python3.11/site-packages/airflow/example_dags/example_branch_operator_decorator.py                                                 0           0  0.74s           2026-06-15T00:12:41
/Users/fatimanaqib/Documents/job-market-tracker/.venv/lib/python3.11/site-packages/airflow/example_dags/example_trigger_target_dag.py                                                        1           0  0.74s           2026-06-15T00:11:48
/Users/fatimanaqib/Documents/job-market-tracker/.venv/lib/python3.11/site-packages/airflow/example_dags/example_dynamic_task_mapping_with_no_taskflow_operators.py                           1           0  0.74s           2026-06-15T00:12:28
/Users/fatimanaqib/Documents/job-market-tracker/.venv/lib/python3.11/site-packages/airflow/example_dags/example_task_group.py                                                                1           0  0.74s           2026-06-15T00:11:54
/Users/fatimanaqib/Documents/job-market-tracker/.venv/lib/python3.11/site-packages/airflow/example_dags/example_trigger_controller_dag.py                                                    1           0  0.73s           2026-06-15T00:11:49
/Users/fatimanaqib/Documents/job-market-tracker/.venv/lib/python3.11/site-packages/airflow/example_dags/example_task_group_decorator.py                                                      1           0  0.72s           2026-06-15T00:11:52
/Users/fatimanaqib/Documents/job-market-tracker/.venv/lib/python3.11/site-packages/airflow/example_dags/tutorial.py                                                                          1           0  0.72s           2026-06-15T00:11:43
/Users/fatimanaqib/Documents/job-market-tracker/.venv/lib/python3.11/site-packages/airflow/example_dags/plugins/workday.py                                                                   0           0  0.71s           2026-06-15T00:12:56
/Users/fatimanaqib/Documents/job-market-tracker/.venv/lib/python3.11/site-packages/airflow/example_dags/example_complex.py                                                                   1           0  0.70s           2026-06-15T00:12:37
/Users/fatimanaqib/Documents/job-market-tracker/.venv/lib/python3.11/site-packages/airflow/example_dags/example_setup_teardown.py                                                            1           0  0.70s           2026-06-15T00:12:05
/Users/fatimanaqib/Documents/job-market-tracker/.venv/lib/python3.11/site-packages/airflow/example_dags/example_kubernetes_executor.py                                                       0           0  0.68s           2026-06-15T00:12:25
/Users/fatimanaqib/Documents/job-market-tracker/.venv/lib/python3.11/site-packages/airflow/example_dags/plugins/event_listener.py                                                            0           0  0.68s           2026-06-15T00:12:59
/Users/fatimanaqib/Documents/job-market-tracker/.venv/lib/python3.11/site-packages/airflow/example_dags/example_branch_operator.py                                                           0           0  0.68s           2026-06-15T00:12:42
/Users/fatimanaqib/Documents/job-market-tracker/.venv/lib/python3.11/site-packages/airflow/example_dags/plugins/decreasing_priority_weight_strategy.py                                       0           0  0.68s           2026-06-15T00:13:01
/Users/fatimanaqib/Documents/job-market-tracker/airflow/dags/__init__.py                                                                                                                     0           0  0.67s           2026-06-15T00:12:53
/Users/fatimanaqib/Documents/job-market-tracker/.venv/lib/python3.11/site-packages/airflow/example_dags/example_local_kubernetes_executor.py                                                 0           0  0.67s           2026-06-15T00:12:21
/Users/fatimanaqib/Documents/job-market-tracker/.venv/lib/python3.11/site-packages/airflow/example_dags/tutorial_taskflow_api_virtualenv.py                                                  0           0  0.67s           2026-06-15T00:11:37
/Users/fatimanaqib/Documents/job-market-tracker/.venv/lib/python3.11/site-packages/airflow/example_dags/plugins/listener_plugin.py                                                           0           0  0.66s           2026-06-15T00:12:58
/Users/fatimanaqib/Documents/job-market-tracker/.venv/lib/python3.11/site-packages/airflow/example_dags/subdags/subdag.py                                                                    0           0  0.65s           2026-06-15T00:12:55
/Users/fatimanaqib/Documents/job-market-tracker/.venv/lib/python3.11/site-packages/airflow/example_dags/example_time_delta_sensor_async.py                                                   1           0  0.65s           2026-06-15T00:11:50
================================================================================
[2026-06-14T17:13:32.533-0700] {manager.py:878} INFO - 
================================================================================
DAG File Processing Stats

File Path                                                                                                                                                           PID    Runtime      # DAGs    # Errors  Last Runtime    Last Run
------------------------------------------------------------------------------------------------------------------------------------------------------------------  -----  ---------  --------  ----------  --------------  -------------------
/Users/fatimanaqib/Documents/job-market-tracker/.venv/lib/python3.11/site-packages/airflow/example_dags/example_sla_dag.py                                                                   1           0  0.95s           2026-06-15T00:13:23
/Users/fatimanaqib/Documents/job-market-tracker/.venv/lib/python3.11/site-packages/airflow/example_dags/example_params_trigger_ui.py                                                         1           0  0.92s           2026-06-15T00:12:18
/Users/fatimanaqib/Documents/job-market-tracker/.venv/lib/python3.11/site-packages/airflow/example_dags/example_datasets.py                                                                 10           0  0.90s           2026-06-15T00:12:33
/Users/fatimanaqib/Documents/job-market-tracker/.venv/lib/python3.11/site-packages/airflow/example_dags/example_branch_python_dop_operator_3.py                                              1           0  0.88s           2026-06-15T00:12:39
/Users/fatimanaqib/Documents/job-market-tracker/.venv/lib/python3.11/site-packages/airflow/example_dags/example_params_ui_tutorial.py                                                        1           0  0.87s           2026-06-15T00:12:16
/Users/fatimanaqib/Documents/job-market-tracker/.venv/lib/python3.11/site-packages/airflow/example_dags/example_passing_params_via_test_command.py                                           1           0  0.85s           2026-06-15T00:12:14
/Users/fatimanaqib/Documents/job-market-tracker/.venv/lib/python3.11/site-packages/airflow/example_dags/example_dag_decorator.py                                                             1           0  0.84s           2026-06-15T00:12:35
/Users/fatimanaqib/Documents/job-market-tracker/.venv/lib/python3.11/site-packages/airflow/example_dags/example_branch_labels.py                                                             1           0  0.81s           2026-06-15T00:12:44
/Users/fatimanaqib/Documents/job-market-tracker/.venv/lib/python3.11/site-packages/airflow/example_dags/example_python_operator.py                                                           1           0  0.81s           2026-06-15T00:12:10
/Users/fatimanaqib/Documents/job-market-tracker/.venv/lib/python3.11/site-packages/airflow/example_dags/example_display_name.py                                                              1           0  0.80s           2026-06-15T00:12:31
/Users/fatimanaqib/Documents/job-market-tracker/.venv/lib/python3.11/site-packages/airflow/example_dags/example_external_task_marker_dag.py                                                  2           0  0.80s           2026-06-15T00:12:27
/Users/fatimanaqib/Documents/job-market-tracker/.venv/lib/python3.11/site-packages/airflow/example_dags/example_bash_operator.py                                                             1           0  0.80s           2026-06-15T00:12:48
/Users/fatimanaqib/Documents/job-market-tracker/.venv/lib/python3.11/site-packages/airflow/example_dags/example_setup_teardown_taskflow.py                                                   1           0  0.79s           2026-06-15T00:13:29
/Users/fatimanaqib/Documents/job-market-tracker/.venv/lib/python3.11/site-packages/airflow/example_dags/example_latest_only.py                                                               1           0  0.79s           2026-06-15T00:12:24
/Users/fatimanaqib/Documents/job-market-tracker/.venv/lib/python3.11/site-packages/airflow/example_dags/example_nested_branch_dag.py                                                         1           0  0.79s           2026-06-15T00:12:20
/Users/fatimanaqib/Documents/job-market-tracker/.venv/lib/python3.11/site-packages/airflow/example_dags/example_dynamic_task_mapping.py                                                      1           0  0.79s           2026-06-15T00:12:30
/Users/fatimanaqib/Documents/job-market-tracker/.venv/lib/python3.11/site-packages/airflow/example_dags/example_sensor_decorator.py                                                          1           0  0.78s           2026-06-15T00:12:08
/Users/fatimanaqib/Documents/job-market-tracker/.venv/lib/python3.11/site-packages/airflow/example_dags/example_branch_day_of_week_operator.py                                               1           0  0.78s           2026-06-15T00:12:45
/Users/fatimanaqib/Documents/job-market-tracker/.venv/lib/python3.11/site-packages/airflow/example_dags/example_python_decorator.py                                                          1           0  0.78s           2026-06-15T00:12:12
/Users/fatimanaqib/Documents/job-market-tracker/.venv/lib/python3.11/site-packages/airflow/example_dags/example_bash_decorator.py                                                            1           0  0.77s           2026-06-15T00:12:50
/Users/fatimanaqib/Documents/job-market-tracker/airflow/dags/job_ingestion_dag.py                                                                                                            1           0  0.76s           2026-06-15T00:12:52
/Users/fatimanaqib/Documents/job-market-tracker/.venv/lib/python3.11/site-packages/airflow/example_dags/example_trigger_controller_dag.py                                                    1           0  0.76s           2026-06-15T00:13:16
/Users/fatimanaqib/Documents/job-market-tracker/.venv/lib/python3.11/site-packages/airflow/example_dags/example_latest_only_with_trigger.py                                                  1           0  0.75s           2026-06-15T00:12:23
/Users/fatimanaqib/Documents/job-market-tracker/.venv/lib/python3.11/site-packages/airflow/example_dags/tutorial.py                                                                          1           0  0.75s           2026-06-15T00:13:09
/Users/fatimanaqib/Documents/job-market-tracker/.venv/lib/python3.11/site-packages/airflow/example_dags/example_short_circuit_decorator.py                                                   1           0  0.75s           2026-06-15T00:13:27
/Users/fatimanaqib/Documents/job-market-tracker/.venv/lib/python3.11/site-packages/airflow/example_dags/example_branch_datetime_operator.py                                                  3           0  0.74s           2026-06-15T00:12:46
/Users/fatimanaqib/Documents/job-market-tracker/.venv/lib/python3.11/site-packages/airflow/example_dags/example_branch_operator_decorator.py                                                 0           0  0.74s           2026-06-15T00:12:41
/Users/fatimanaqib/Documents/job-market-tracker/.venv/lib/python3.11/site-packages/airflow/example_dags/example_dynamic_task_mapping_with_no_taskflow_operators.py                           1           0  0.74s           2026-06-15T00:12:28
/Users/fatimanaqib/Documents/job-market-tracker/.venv/lib/python3.11/site-packages/airflow/example_dags/example_xcomargs.py                                                                  2           0  0.74s           2026-06-15T00:13:10
/Users/fatimanaqib/Documents/job-market-tracker/.venv/lib/python3.11/site-packages/airflow/example_dags/tutorial_taskflow_api.py                                                             1           0  0.73s           2026-06-15T00:13:04
/Users/fatimanaqib/Documents/job-market-tracker/.venv/lib/python3.11/site-packages/airflow/example_dags/tutorial_dag.py                                                                      1           0  0.73s           2026-06-15T00:13:07
/Users/fatimanaqib/Documents/job-market-tracker/.venv/lib/python3.11/site-packages/airflow/example_dags/tutorial_objectstorage.py                                                            1           0  0.73s           2026-06-15T00:13:05
/Users/fatimanaqib/Documents/job-market-tracker/.venv/lib/python3.11/site-packages/airflow/example_dags/example_xcom.py                                                                      1           0  0.73s           2026-06-15T00:13:12
/Users/fatimanaqib/Documents/job-market-tracker/.venv/lib/python3.11/site-packages/airflow/example_dags/example_setup_teardown.py                                                            1           0  0.73s           2026-06-15T00:13:30
/Users/fatimanaqib/Documents/job-market-tracker/.venv/lib/python3.11/site-packages/airflow/example_dags/plugins/workday.py                                                                   0           0  0.71s           2026-06-15T00:12:56
/Users/fatimanaqib/Documents/job-market-tracker/.venv/lib/python3.11/site-packages/airflow/example_dags/tutorial_taskflow_api_virtualenv.py                                                  0           0  0.71s           2026-06-15T00:13:03
/Users/fatimanaqib/Documents/job-market-tracker/.venv/lib/python3.11/site-packages/airflow/example_dags/example_task_group.py                                                                1           0  0.70s           2026-06-15T00:13:20
/Users/fatimanaqib/Documents/job-market-tracker/.venv/lib/python3.11/site-packages/airflow/example_dags/example_complex.py                                                                   1           0  0.70s           2026-06-15T00:12:37
/Users/fatimanaqib/Documents/job-market-tracker/.venv/lib/python3.11/site-packages/airflow/example_dags/example_sensors.py                                                                   1           0  0.69s           2026-06-15T00:13:32
/Users/fatimanaqib/Documents/job-market-tracker/.venv/lib/python3.11/site-packages/airflow/example_dags/example_kubernetes_executor.py                                                       0           0  0.68s           2026-06-15T00:12:25
/Users/fatimanaqib/Documents/job-market-tracker/.venv/lib/python3.11/site-packages/airflow/example_dags/plugins/event_listener.py                                                            0           0  0.68s           2026-06-15T00:12:59
/Users/fatimanaqib/Documents/job-market-tracker/.venv/lib/python3.11/site-packages/airflow/example_dags/example_task_group_decorator.py                                                      1           0  0.68s           2026-06-15T00:13:18
/Users/fatimanaqib/Documents/job-market-tracker/.venv/lib/python3.11/site-packages/airflow/example_dags/example_branch_operator.py                                                           0           0  0.68s           2026-06-15T00:12:42
/Users/fatimanaqib/Documents/job-market-tracker/.venv/lib/python3.11/site-packages/airflow/example_dags/example_short_circuit_operator.py                                                    1           0  0.68s           2026-06-15T00:13:25
/Users/fatimanaqib/Documents/job-market-tracker/.venv/lib/python3.11/site-packages/airflow/example_dags/example_trigger_target_dag.py                                                        1           0  0.68s           2026-06-15T00:13:14
/Users/fatimanaqib/Documents/job-market-tracker/.venv/lib/python3.11/site-packages/airflow/example_dags/plugins/decreasing_priority_weight_strategy.py                                       0           0  0.68s           2026-06-15T00:13:01
/Users/fatimanaqib/Documents/job-market-tracker/.venv/lib/python3.11/site-packages/airflow/example_dags/example_skip_dag.py                                                                  1           0  0.68s           2026-06-15T00:13:25
/Users/fatimanaqib/Documents/job-market-tracker/.venv/lib/python3.11/site-packages/airflow/example_dags/example_subdag_operator.py                                                           3           0  0.67s           2026-06-15T00:13:21
/Users/fatimanaqib/Documents/job-market-tracker/.venv/lib/python3.11/site-packages/airflow/example_dags/example_time_delta_sensor_async.py                                                   1           0  0.67s           2026-06-15T00:13:17
/Users/fatimanaqib/Documents/job-market-tracker/airflow/dags/__init__.py                                                                                                                     0           0  0.67s           2026-06-15T00:12:53
/Users/fatimanaqib/Documents/job-market-tracker/.venv/lib/python3.11/site-packages/airflow/example_dags/example_local_kubernetes_executor.py                                                 0           0  0.67s           2026-06-15T00:12:21
/Users/fatimanaqib/Documents/job-market-tracker/.venv/lib/python3.11/site-packages/airflow/example_dags/plugins/listener_plugin.py                                                           0           0  0.66s           2026-06-15T00:12:58
/Users/fatimanaqib/Documents/job-market-tracker/.venv/lib/python3.11/site-packages/airflow/example_dags/subdags/subdag.py                                                                    0           0  0.65s           2026-06-15T00:12:55
================================================================================
[2026-06-14T17:14:25.643-0700] {manager.py:470} INFO - Processing files using up to 1 processes at a time 
[2026-06-14T17:14:25.644-0700] {manager.py:471} INFO - Process each file at most once every 30 seconds
[2026-06-14T17:14:25.644-0700] {manager.py:472} INFO - Checking for new files in /Users/fatimanaqib/Documents/job-market-tracker/airflow/dags every 300 seconds
[2026-06-14T17:14:25.644-0700] {manager.py:737} INFO - Searching for files in /Users/fatimanaqib/Documents/job-market-tracker/airflow/dags
[2026-06-14T17:14:25.659-0700] {manager.py:740} INFO - There are 53 files in /Users/fatimanaqib/Documents/job-market-tracker/airflow/dags
[2026-06-14T17:14:26.338-0700] {manager.py:878} INFO - 
================================================================================
DAG File Processing Stats

File Path                                                                                                                                                           PID    Runtime      # DAGs    # Errors  Last Runtime    Last Run
------------------------------------------------------------------------------------------------------------------------------------------------------------------  -----  ---------  --------  ----------  --------------  -------------------
/Users/fatimanaqib/Documents/job-market-tracker/.venv/lib/python3.11/site-packages/airflow/example_dags/subdags/subdag.py                                                                    0           0  0.64s           2026-06-15T00:14:26
/Users/fatimanaqib/Documents/job-market-tracker/airflow/dags/__init__.py                                                                                                                     0           0
/Users/fatimanaqib/Documents/job-market-tracker/airflow/dags/job_ingestion_dag.py                                                                                                            0           0
/Users/fatimanaqib/Documents/job-market-tracker/.venv/lib/python3.11/site-packages/airflow/example_dags/example_latest_only.py                                                               0           0
/Users/fatimanaqib/Documents/job-market-tracker/.venv/lib/python3.11/site-packages/airflow/example_dags/example_local_kubernetes_executor.py                                                 0           0
/Users/fatimanaqib/Documents/job-market-tracker/.venv/lib/python3.11/site-packages/airflow/example_dags/example_task_group_decorator.py                                                      0           0
/Users/fatimanaqib/Documents/job-market-tracker/.venv/lib/python3.11/site-packages/airflow/example_dags/example_complex.py                                                                   0           0
/Users/fatimanaqib/Documents/job-market-tracker/.venv/lib/python3.11/site-packages/airflow/example_dags/example_python_operator.py                                                           0           0
/Users/fatimanaqib/Documents/job-market-tracker/.venv/lib/python3.11/site-packages/airflow/example_dags/tutorial_taskflow_api_virtualenv.py                                                  0           0
/Users/fatimanaqib/Documents/job-market-tracker/.venv/lib/python3.11/site-packages/airflow/example_dags/example_params_trigger_ui.py                                                         0           0
/Users/fatimanaqib/Documents/job-market-tracker/.venv/lib/python3.11/site-packages/airflow/example_dags/example_external_task_marker_dag.py                                                  0           0
/Users/fatimanaqib/Documents/job-market-tracker/.venv/lib/python3.11/site-packages/airflow/example_dags/tutorial_objectstorage.py                                                            0           0
/Users/fatimanaqib/Documents/job-market-tracker/.venv/lib/python3.11/site-packages/airflow/example_dags/example_bash_operator.py                                                             0           0
/Users/fatimanaqib/Documents/job-market-tracker/.venv/lib/python3.11/site-packages/airflow/example_dags/example_short_circuit_operator.py                                                    0           0
/Users/fatimanaqib/Documents/job-market-tracker/.venv/lib/python3.11/site-packages/airflow/example_dags/example_setup_teardown.py                                                            0           0
/Users/fatimanaqib/Documents/job-market-tracker/.venv/lib/python3.11/site-packages/airflow/example_dags/example_branch_operator.py                                                           0           0
/Users/fatimanaqib/Documents/job-market-tracker/.venv/lib/python3.11/site-packages/airflow/example_dags/example_branch_labels.py                                                             0           0
/Users/fatimanaqib/Documents/job-market-tracker/.venv/lib/python3.11/site-packages/airflow/example_dags/tutorial_taskflow_api.py                                                             0           0
/Users/fatimanaqib/Documents/job-market-tracker/.venv/lib/python3.11/site-packages/airflow/example_dags/example_task_group.py                                                                0           0
/Users/fatimanaqib/Documents/job-market-tracker/.venv/lib/python3.11/site-packages/airflow/example_dags/tutorial.py                                                                          0           0
/Users/fatimanaqib/Documents/job-market-tracker/.venv/lib/python3.11/site-packages/airflow/example_dags/example_python_decorator.py                                                          0           0
/Users/fatimanaqib/Documents/job-market-tracker/.venv/lib/python3.11/site-packages/airflow/example_dags/example_sla_dag.py                                                                   0           0
/Users/fatimanaqib/Documents/job-market-tracker/.venv/lib/python3.11/site-packages/airflow/example_dags/example_passing_params_via_test_command.py                                           0           0
/Users/fatimanaqib/Documents/job-market-tracker/.venv/lib/python3.11/site-packages/airflow/example_dags/example_latest_only_with_trigger.py                                                  0           0
/Users/fatimanaqib/Documents/job-market-tracker/.venv/lib/python3.11/site-packages/airflow/example_dags/example_time_delta_sensor_async.py                                                   0           0
/Users/fatimanaqib/Documents/job-market-tracker/.venv/lib/python3.11/site-packages/airflow/example_dags/example_dag_decorator.py                                                             0           0
/Users/fatimanaqib/Documents/job-market-tracker/.venv/lib/python3.11/site-packages/airflow/example_dags/example_xcom.py                                                                      0           0
/Users/fatimanaqib/Documents/job-market-tracker/.venv/lib/python3.11/site-packages/airflow/example_dags/example_xcomargs.py                                                                  0           0
/Users/fatimanaqib/Documents/job-market-tracker/.venv/lib/python3.11/site-packages/airflow/example_dags/example_display_name.py                                                              0           0
/Users/fatimanaqib/Documents/job-market-tracker/.venv/lib/python3.11/site-packages/airflow/example_dags/example_branch_operator_decorator.py                                                 0           0
/Users/fatimanaqib/Documents/job-market-tracker/.venv/lib/python3.11/site-packages/airflow/example_dags/example_branch_day_of_week_operator.py                                               0           0
/Users/fatimanaqib/Documents/job-market-tracker/.venv/lib/python3.11/site-packages/airflow/example_dags/example_skip_dag.py                                                                  0           0
/Users/fatimanaqib/Documents/job-market-tracker/.venv/lib/python3.11/site-packages/airflow/example_dags/example_short_circuit_decorator.py                                                   0           0
/Users/fatimanaqib/Documents/job-market-tracker/.venv/lib/python3.11/site-packages/airflow/example_dags/example_datasets.py                                                                  0           0
/Users/fatimanaqib/Documents/job-market-tracker/.venv/lib/python3.11/site-packages/airflow/example_dags/tutorial_dag.py                                                                      0           0
/Users/fatimanaqib/Documents/job-market-tracker/.venv/lib/python3.11/site-packages/airflow/example_dags/example_trigger_target_dag.py                                                        0           0
/Users/fatimanaqib/Documents/job-market-tracker/.venv/lib/python3.11/site-packages/airflow/example_dags/example_bash_decorator.py                                                            0           0
/Users/fatimanaqib/Documents/job-market-tracker/.venv/lib/python3.11/site-packages/airflow/example_dags/example_sensor_decorator.py                                                          0           0
/Users/fatimanaqib/Documents/job-market-tracker/.venv/lib/python3.11/site-packages/airflow/example_dags/example_kubernetes_executor.py                                                       0           0
/Users/fatimanaqib/Documents/job-market-tracker/.venv/lib/python3.11/site-packages/airflow/example_dags/example_branch_python_dop_operator_3.py                                              0           0
/Users/fatimanaqib/Documents/job-market-tracker/.venv/lib/python3.11/site-packages/airflow/example_dags/example_sensors.py                                                                   0           0
/Users/fatimanaqib/Documents/job-market-tracker/.venv/lib/python3.11/site-packages/airflow/example_dags/example_setup_teardown_taskflow.py                                                   0           0
/Users/fatimanaqib/Documents/job-market-tracker/.venv/lib/python3.11/site-packages/airflow/example_dags/example_branch_datetime_operator.py                                                  0           0
/Users/fatimanaqib/Documents/job-market-tracker/.venv/lib/python3.11/site-packages/airflow/example_dags/example_nested_branch_dag.py                                                         0           0
/Users/fatimanaqib/Documents/job-market-tracker/.venv/lib/python3.11/site-packages/airflow/example_dags/example_subdag_operator.py                                                           0           0
/Users/fatimanaqib/Documents/job-market-tracker/.venv/lib/python3.11/site-packages/airflow/example_dags/example_dynamic_task_mapping_with_no_taskflow_operators.py                           0           0
/Users/fatimanaqib/Documents/job-market-tracker/.venv/lib/python3.11/site-packages/airflow/example_dags/example_trigger_controller_dag.py                                                    0           0
/Users/fatimanaqib/Documents/job-market-tracker/.venv/lib/python3.11/site-packages/airflow/example_dags/example_params_ui_tutorial.py                                                        0           0
/Users/fatimanaqib/Documents/job-market-tracker/.venv/lib/python3.11/site-packages/airflow/example_dags/example_dynamic_task_mapping.py                                                      0           0
/Users/fatimanaqib/Documents/job-market-tracker/.venv/lib/python3.11/site-packages/airflow/example_dags/plugins/decreasing_priority_weight_strategy.py                                       0           0
/Users/fatimanaqib/Documents/job-market-tracker/.venv/lib/python3.11/site-packages/airflow/example_dags/plugins/workday.py                                                                   0           0
/Users/fatimanaqib/Documents/job-market-tracker/.venv/lib/python3.11/site-packages/airflow/example_dags/plugins/event_listener.py                                                            0           0
/Users/fatimanaqib/Documents/job-market-tracker/.venv/lib/python3.11/site-packages/airflow/example_dags/plugins/listener_plugin.py                                                           0           0
================================================================================
[2026-06-14T17:14:57.363-0700] {manager.py:878} INFO - 
================================================================================
DAG File Processing Stats

File Path                                                                                                                                                           PID    Runtime      # DAGs    # Errors  Last Runtime    Last Run
------------------------------------------------------------------------------------------------------------------------------------------------------------------  -----  ---------  --------  ----------  --------------  -------------------
/Users/fatimanaqib/Documents/job-market-tracker/.venv/lib/python3.11/site-packages/airflow/example_dags/plugins/listener_plugin.py                                                           0           0  0.92s           2026-06-15T00:14:29
/Users/fatimanaqib/Documents/job-market-tracker/.venv/lib/python3.11/site-packages/airflow/example_dags/plugins/event_listener.py                                                            0           0  0.86s           2026-06-15T00:14:31
/Users/fatimanaqib/Documents/job-market-tracker/.venv/lib/python3.11/site-packages/airflow/example_dags/plugins/decreasing_priority_weight_strategy.py                                       0           0  0.86s           2026-06-15T00:14:32
/Users/fatimanaqib/Documents/job-market-tracker/.venv/lib/python3.11/site-packages/airflow/example_dags/example_short_circuit_operator.py                                                    1           0  0.77s           2026-06-15T00:14:57
/Users/fatimanaqib/Documents/job-market-tracker/.venv/lib/python3.11/site-packages/airflow/example_dags/tutorial_taskflow_api_virtualenv.py                                                  0           0  0.73s           2026-06-15T00:14:34
/Users/fatimanaqib/Documents/job-market-tracker/.venv/lib/python3.11/site-packages/airflow/example_dags/tutorial_dag.py                                                                      1           0  0.72s           2026-06-15T00:14:38
/Users/fatimanaqib/Documents/job-market-tracker/.venv/lib/python3.11/site-packages/airflow/example_dags/example_task_group_decorator.py                                                      1           0  0.71s           2026-06-15T00:14:49
/Users/fatimanaqib/Documents/job-market-tracker/.venv/lib/python3.11/site-packages/airflow/example_dags/example_trigger_target_dag.py                                                        1           0  0.71s           2026-06-15T00:14:45
/Users/fatimanaqib/Documents/job-market-tracker/.venv/lib/python3.11/site-packages/airflow/example_dags/example_xcom.py                                                                      1           0  0.71s           2026-06-15T00:14:43
/Users/fatimanaqib/Documents/job-market-tracker/.venv/lib/python3.11/site-packages/airflow/example_dags/tutorial_objectstorage.py                                                            1           0  0.70s           2026-06-15T00:14:36
/Users/fatimanaqib/Documents/job-market-tracker/.venv/lib/python3.11/site-packages/airflow/example_dags/tutorial_taskflow_api.py                                                             1           0  0.69s           2026-06-15T00:14:35
/Users/fatimanaqib/Documents/job-market-tracker/.venv/lib/python3.11/site-packages/airflow/example_dags/example_subdag_operator.py                                                           3           0  0.69s           2026-06-15T00:14:52
/Users/fatimanaqib/Documents/job-market-tracker/.venv/lib/python3.11/site-packages/airflow/example_dags/example_trigger_controller_dag.py                                                    1           0  0.69s           2026-06-15T00:14:46
/Users/fatimanaqib/Documents/job-market-tracker/.venv/lib/python3.11/site-packages/airflow/example_dags/example_xcomargs.py                                                                  2           0  0.69s           2026-06-15T00:14:41
/Users/fatimanaqib/Documents/job-market-tracker/.venv/lib/python3.11/site-packages/airflow/example_dags/example_skip_dag.py                                                                  1           0  0.68s           2026-06-15T00:14:55
/Users/fatimanaqib/Documents/job-market-tracker/.venv/lib/python3.11/site-packages/airflow/example_dags/tutorial.py                                                                          1           0  0.67s           2026-06-15T00:14:40
/Users/fatimanaqib/Documents/job-market-tracker/.venv/lib/python3.11/site-packages/airflow/example_dags/example_time_delta_sensor_async.py                                                   1           0  0.67s           2026-06-15T00:14:47
/Users/fatimanaqib/Documents/job-market-tracker/.venv/lib/python3.11/site-packages/airflow/example_dags/example_sla_dag.py                                                                   1           0  0.66s           2026-06-15T00:14:54
/Users/fatimanaqib/Documents/job-market-tracker/.venv/lib/python3.11/site-packages/airflow/example_dags/plugins/workday.py                                                                   0           0  0.64s           2026-06-15T00:14:28
/Users/fatimanaqib/Documents/job-market-tracker/.venv/lib/python3.11/site-packages/airflow/example_dags/subdags/subdag.py                                                                    0           0  0.64s           2026-06-15T00:14:26
/Users/fatimanaqib/Documents/job-market-tracker/.venv/lib/python3.11/site-packages/airflow/example_dags/example_task_group.py                                                                1           0  0.63s           2026-06-15T00:14:51
/Users/fatimanaqib/Documents/job-market-tracker/airflow/dags/__init__.py                                                                                                                     0           0
/Users/fatimanaqib/Documents/job-market-tracker/airflow/dags/job_ingestion_dag.py                                                                                                            0           0
/Users/fatimanaqib/Documents/job-market-tracker/.venv/lib/python3.11/site-packages/airflow/example_dags/example_latest_only.py                                                               0           0
/Users/fatimanaqib/Documents/job-market-tracker/.venv/lib/python3.11/site-packages/airflow/example_dags/example_local_kubernetes_executor.py                                                 0           0
/Users/fatimanaqib/Documents/job-market-tracker/.venv/lib/python3.11/site-packages/airflow/example_dags/example_complex.py                                                                   0           0
/Users/fatimanaqib/Documents/job-market-tracker/.venv/lib/python3.11/site-packages/airflow/example_dags/example_python_operator.py                                                           0           0
/Users/fatimanaqib/Documents/job-market-tracker/.venv/lib/python3.11/site-packages/airflow/example_dags/example_params_trigger_ui.py                                                         0           0
/Users/fatimanaqib/Documents/job-market-tracker/.venv/lib/python3.11/site-packages/airflow/example_dags/example_external_task_marker_dag.py                                                  0           0
/Users/fatimanaqib/Documents/job-market-tracker/.venv/lib/python3.11/site-packages/airflow/example_dags/example_bash_operator.py                                                             0           0
/Users/fatimanaqib/Documents/job-market-tracker/.venv/lib/python3.11/site-packages/airflow/example_dags/example_setup_teardown.py                                                            0           0
/Users/fatimanaqib/Documents/job-market-tracker/.venv/lib/python3.11/site-packages/airflow/example_dags/example_branch_operator.py                                                           0           0
/Users/fatimanaqib/Documents/job-market-tracker/.venv/lib/python3.11/site-packages/airflow/example_dags/example_branch_labels.py                                                             0           0
/Users/fatimanaqib/Documents/job-market-tracker/.venv/lib/python3.11/site-packages/airflow/example_dags/example_python_decorator.py                                                          0           0
/Users/fatimanaqib/Documents/job-market-tracker/.venv/lib/python3.11/site-packages/airflow/example_dags/example_passing_params_via_test_command.py                                           0           0
/Users/fatimanaqib/Documents/job-market-tracker/.venv/lib/python3.11/site-packages/airflow/example_dags/example_latest_only_with_trigger.py                                                  0           0
/Users/fatimanaqib/Documents/job-market-tracker/.venv/lib/python3.11/site-packages/airflow/example_dags/example_dag_decorator.py                                                             0           0
/Users/fatimanaqib/Documents/job-market-tracker/.venv/lib/python3.11/site-packages/airflow/example_dags/example_display_name.py                                                              0           0
/Users/fatimanaqib/Documents/job-market-tracker/.venv/lib/python3.11/site-packages/airflow/example_dags/example_branch_operator_decorator.py                                                 0           0
/Users/fatimanaqib/Documents/job-market-tracker/.venv/lib/python3.11/site-packages/airflow/example_dags/example_branch_day_of_week_operator.py                                               0           0
/Users/fatimanaqib/Documents/job-market-tracker/.venv/lib/python3.11/site-packages/airflow/example_dags/example_short_circuit_decorator.py                                                   0           0
/Users/fatimanaqib/Documents/job-market-tracker/.venv/lib/python3.11/site-packages/airflow/example_dags/example_datasets.py                                                                  0           0
/Users/fatimanaqib/Documents/job-market-tracker/.venv/lib/python3.11/site-packages/airflow/example_dags/example_bash_decorator.py                                                            0           0
/Users/fatimanaqib/Documents/job-market-tracker/.venv/lib/python3.11/site-packages/airflow/example_dags/example_sensor_decorator.py                                                          0           0
/Users/fatimanaqib/Documents/job-market-tracker/.venv/lib/python3.11/site-packages/airflow/example_dags/example_kubernetes_executor.py                                                       0           0
/Users/fatimanaqib/Documents/job-market-tracker/.venv/lib/python3.11/site-packages/airflow/example_dags/example_branch_python_dop_operator_3.py                                              0           0
/Users/fatimanaqib/Documents/job-market-tracker/.venv/lib/python3.11/site-packages/airflow/example_dags/example_sensors.py                                                                   0           0
/Users/fatimanaqib/Documents/job-market-tracker/.venv/lib/python3.11/site-packages/airflow/example_dags/example_setup_teardown_taskflow.py                                                   0           0
/Users/fatimanaqib/Documents/job-market-tracker/.venv/lib/python3.11/site-packages/airflow/example_dags/example_branch_datetime_operator.py                                                  0           0
/Users/fatimanaqib/Documents/job-market-tracker/.venv/lib/python3.11/site-packages/airflow/example_dags/example_nested_branch_dag.py                                                         0           0
/Users/fatimanaqib/Documents/job-market-tracker/.venv/lib/python3.11/site-packages/airflow/example_dags/example_dynamic_task_mapping_with_no_taskflow_operators.py                           0           0
/Users/fatimanaqib/Documents/job-market-tracker/.venv/lib/python3.11/site-packages/airflow/example_dags/example_params_ui_tutorial.py                                                        0           0
/Users/fatimanaqib/Documents/job-market-tracker/.venv/lib/python3.11/site-packages/airflow/example_dags/example_dynamic_task_mapping.py                                                      0           0
================================================================================
[2026-06-14T17:15:28.599-0700] {manager.py:878} INFO - 
================================================================================
DAG File Processing Stats

File Path                                                                                                                                                           PID    Runtime      # DAGs    # Errors  Last Runtime    Last Run
------------------------------------------------------------------------------------------------------------------------------------------------------------------  -----  ---------  --------  ----------  --------------  -------------------
/Users/fatimanaqib/Documents/job-market-tracker/.venv/lib/python3.11/site-packages/airflow/example_dags/example_setup_teardown_taskflow.py                                                   1           0  0.93s           2026-06-15T00:15:00
/Users/fatimanaqib/Documents/job-market-tracker/.venv/lib/python3.11/site-packages/airflow/example_dags/plugins/listener_plugin.py                                                           0           0  0.92s           2026-06-15T00:14:29
/Users/fatimanaqib/Documents/job-market-tracker/.venv/lib/python3.11/site-packages/airflow/example_dags/example_setup_teardown.py                                                            1           0  0.88s           2026-06-15T00:15:02
/Users/fatimanaqib/Documents/job-market-tracker/.venv/lib/python3.11/site-packages/airflow/example_dags/plugins/event_listener.py                                                            0           0  0.86s           2026-06-15T00:14:31
/Users/fatimanaqib/Documents/job-market-tracker/.venv/lib/python3.11/site-packages/airflow/example_dags/plugins/decreasing_priority_weight_strategy.py                                       0           0  0.86s           2026-06-15T00:14:32
/Users/fatimanaqib/Documents/job-market-tracker/.venv/lib/python3.11/site-packages/airflow/example_dags/example_sensors.py                                                                   1           0  0.83s           2026-06-15T00:15:04
/Users/fatimanaqib/Documents/job-market-tracker/.venv/lib/python3.11/site-packages/airflow/example_dags/example_short_circuit_operator.py                                                    1           0  0.77s           2026-06-15T00:14:57
/Users/fatimanaqib/Documents/job-market-tracker/.venv/lib/python3.11/site-packages/airflow/example_dags/example_params_ui_tutorial.py                                                        1           0  0.75s           2026-06-15T00:15:13
/Users/fatimanaqib/Documents/job-market-tracker/.venv/lib/python3.11/site-packages/airflow/example_dags/example_passing_params_via_test_command.py                                           1           0  0.75s           2026-06-15T00:15:11
/Users/fatimanaqib/Documents/job-market-tracker/.venv/lib/python3.11/site-packages/airflow/example_dags/example_nested_branch_dag.py                                                         1           0  0.73s           2026-06-15T00:15:16
/Users/fatimanaqib/Documents/job-market-tracker/.venv/lib/python3.11/site-packages/airflow/example_dags/tutorial_taskflow_api_virtualenv.py                                                  0           0  0.73s           2026-06-15T00:14:34
/Users/fatimanaqib/Documents/job-market-tracker/.venv/lib/python3.11/site-packages/airflow/example_dags/example_dynamic_task_mapping_with_no_taskflow_operators.py                           1           0  0.73s           2026-06-15T00:15:26
/Users/fatimanaqib/Documents/job-market-tracker/.venv/lib/python3.11/site-packages/airflow/example_dags/tutorial_dag.py                                                                      1           0  0.72s           2026-06-15T00:14:38
/Users/fatimanaqib/Documents/job-market-tracker/.venv/lib/python3.11/site-packages/airflow/example_dags/example_params_trigger_ui.py                                                         1           0  0.72s           2026-06-15T00:15:14
/Users/fatimanaqib/Documents/job-market-tracker/.venv/lib/python3.11/site-packages/airflow/example_dags/example_task_group_decorator.py                                                      1           0  0.71s           2026-06-15T00:14:49
/Users/fatimanaqib/Documents/job-market-tracker/.venv/lib/python3.11/site-packages/airflow/example_dags/example_sensor_decorator.py                                                          1           0  0.71s           2026-06-15T00:15:05
/Users/fatimanaqib/Documents/job-market-tracker/.venv/lib/python3.11/site-packages/airflow/example_dags/example_trigger_target_dag.py                                                        1           0  0.71s           2026-06-15T00:14:45
/Users/fatimanaqib/Documents/job-market-tracker/.venv/lib/python3.11/site-packages/airflow/example_dags/example_latest_only_with_trigger.py                                                  1           0  0.71s           2026-06-15T00:15:20
/Users/fatimanaqib/Documents/job-market-tracker/.venv/lib/python3.11/site-packages/airflow/example_dags/example_python_operator.py                                                           1           0  0.71s           2026-06-15T00:15:07
/Users/fatimanaqib/Documents/job-market-tracker/.venv/lib/python3.11/site-packages/airflow/example_dags/example_latest_only.py                                                               1           0  0.71s           2026-06-15T00:15:21
/Users/fatimanaqib/Documents/job-market-tracker/.venv/lib/python3.11/site-packages/airflow/example_dags/example_xcom.py                                                                      1           0  0.71s           2026-06-15T00:14:43
/Users/fatimanaqib/Documents/job-market-tracker/.venv/lib/python3.11/site-packages/airflow/example_dags/example_external_task_marker_dag.py                                                  2           0  0.70s           2026-06-15T00:15:25
/Users/fatimanaqib/Documents/job-market-tracker/.venv/lib/python3.11/site-packages/airflow/example_dags/tutorial_objectstorage.py                                                            1           0  0.70s           2026-06-15T00:14:36
/Users/fatimanaqib/Documents/job-market-tracker/.venv/lib/python3.11/site-packages/airflow/example_dags/example_short_circuit_decorator.py                                                   1           0  0.70s           2026-06-15T00:14:58
/Users/fatimanaqib/Documents/job-market-tracker/.venv/lib/python3.11/site-packages/airflow/example_dags/tutorial_taskflow_api.py                                                             1           0  0.69s           2026-06-15T00:14:35
/Users/fatimanaqib/Documents/job-market-tracker/.venv/lib/python3.11/site-packages/airflow/example_dags/example_dynamic_task_mapping.py                                                      1           0  0.69s           2026-06-15T00:15:28
/Users/fatimanaqib/Documents/job-market-tracker/.venv/lib/python3.11/site-packages/airflow/example_dags/example_subdag_operator.py                                                           3           0  0.69s           2026-06-15T00:14:52
/Users/fatimanaqib/Documents/job-market-tracker/.venv/lib/python3.11/site-packages/airflow/example_dags/example_trigger_controller_dag.py                                                    1           0  0.69s           2026-06-15T00:14:46
/Users/fatimanaqib/Documents/job-market-tracker/.venv/lib/python3.11/site-packages/airflow/example_dags/example_xcomargs.py                                                                  2           0  0.69s           2026-06-15T00:14:41
/Users/fatimanaqib/Documents/job-market-tracker/.venv/lib/python3.11/site-packages/airflow/example_dags/example_skip_dag.py                                                                  1           0  0.68s           2026-06-15T00:14:55
/Users/fatimanaqib/Documents/job-market-tracker/.venv/lib/python3.11/site-packages/airflow/example_dags/example_python_decorator.py                                                          1           0  0.68s           2026-06-15T00:15:09
/Users/fatimanaqib/Documents/job-market-tracker/.venv/lib/python3.11/site-packages/airflow/example_dags/tutorial.py                                                                          1           0  0.67s           2026-06-15T00:14:40
/Users/fatimanaqib/Documents/job-market-tracker/.venv/lib/python3.11/site-packages/airflow/example_dags/example_time_delta_sensor_async.py                                                   1           0  0.67s           2026-06-15T00:14:47
/Users/fatimanaqib/Documents/job-market-tracker/.venv/lib/python3.11/site-packages/airflow/example_dags/example_sla_dag.py                                                                   1           0  0.66s           2026-06-15T00:14:54
/Users/fatimanaqib/Documents/job-market-tracker/.venv/lib/python3.11/site-packages/airflow/example_dags/example_local_kubernetes_executor.py                                                 0           0  0.66s           2026-06-15T00:15:18
/Users/fatimanaqib/Documents/job-market-tracker/.venv/lib/python3.11/site-packages/airflow/example_dags/plugins/workday.py                                                                   0           0  0.64s           2026-06-15T00:14:28
/Users/fatimanaqib/Documents/job-market-tracker/.venv/lib/python3.11/site-packages/airflow/example_dags/subdags/subdag.py                                                                    0           0  0.64s           2026-06-15T00:14:26
/Users/fatimanaqib/Documents/job-market-tracker/.venv/lib/python3.11/site-packages/airflow/example_dags/example_task_group.py                                                                1           0  0.63s           2026-06-15T00:14:51
/Users/fatimanaqib/Documents/job-market-tracker/.venv/lib/python3.11/site-packages/airflow/example_dags/example_kubernetes_executor.py                                                       0           0  0.62s           2026-06-15T00:15:23
/Users/fatimanaqib/Documents/job-market-tracker/airflow/dags/__init__.py                                                                                                                     0           0
/Users/fatimanaqib/Documents/job-market-tracker/airflow/dags/job_ingestion_dag.py                                                                                                            0           0
/Users/fatimanaqib/Documents/job-market-tracker/.venv/lib/python3.11/site-packages/airflow/example_dags/example_complex.py                                                                   0           0
/Users/fatimanaqib/Documents/job-market-tracker/.venv/lib/python3.11/site-packages/airflow/example_dags/example_bash_operator.py                                                             0           0
/Users/fatimanaqib/Documents/job-market-tracker/.venv/lib/python3.11/site-packages/airflow/example_dags/example_branch_operator.py                                                           0           0
/Users/fatimanaqib/Documents/job-market-tracker/.venv/lib/python3.11/site-packages/airflow/example_dags/example_branch_labels.py                                                             0           0
/Users/fatimanaqib/Documents/job-market-tracker/.venv/lib/python3.11/site-packages/airflow/example_dags/example_dag_decorator.py                                                             0           0
/Users/fatimanaqib/Documents/job-market-tracker/.venv/lib/python3.11/site-packages/airflow/example_dags/example_display_name.py                                                              0           0
/Users/fatimanaqib/Documents/job-market-tracker/.venv/lib/python3.11/site-packages/airflow/example_dags/example_branch_operator_decorator.py                                                 0           0
/Users/fatimanaqib/Documents/job-market-tracker/.venv/lib/python3.11/site-packages/airflow/example_dags/example_branch_day_of_week_operator.py                                               0           0
/Users/fatimanaqib/Documents/job-market-tracker/.venv/lib/python3.11/site-packages/airflow/example_dags/example_datasets.py                                                                  0           0
/Users/fatimanaqib/Documents/job-market-tracker/.venv/lib/python3.11/site-packages/airflow/example_dags/example_bash_decorator.py                                                            0           0
/Users/fatimanaqib/Documents/job-market-tracker/.venv/lib/python3.11/site-packages/airflow/example_dags/example_branch_python_dop_operator_3.py                                              0           0
/Users/fatimanaqib/Documents/job-market-tracker/.venv/lib/python3.11/site-packages/airflow/example_dags/example_branch_datetime_operator.py                                                  0           0
================================================================================
[2026-06-14T17:15:59.787-0700] {manager.py:878} INFO - 
================================================================================
DAG File Processing Stats

File Path                                                                                                                                                           PID    Runtime      # DAGs    # Errors  Last Runtime    Last Run
------------------------------------------------------------------------------------------------------------------------------------------------------------------  -----  ---------  --------  ----------  --------------  -------------------
/Users/fatimanaqib/Documents/job-market-tracker/.venv/lib/python3.11/site-packages/airflow/example_dags/example_setup_teardown_taskflow.py                                                   1           0  0.93s           2026-06-15T00:15:00
/Users/fatimanaqib/Documents/job-market-tracker/.venv/lib/python3.11/site-packages/airflow/example_dags/example_setup_teardown.py                                                            1           0  0.88s           2026-06-15T00:15:02
/Users/fatimanaqib/Documents/job-market-tracker/.venv/lib/python3.11/site-packages/airflow/example_dags/plugins/decreasing_priority_weight_strategy.py                                       0           0  0.86s           2026-06-15T00:14:32
/Users/fatimanaqib/Documents/job-market-tracker/.venv/lib/python3.11/site-packages/airflow/example_dags/example_sensors.py                                                                   1           0  0.83s           2026-06-15T00:15:04
/Users/fatimanaqib/Documents/job-market-tracker/.venv/lib/python3.11/site-packages/airflow/example_dags/example_dag_decorator.py                                                             1           0  0.82s           2026-06-15T00:15:33
/Users/fatimanaqib/Documents/job-market-tracker/.venv/lib/python3.11/site-packages/airflow/example_dags/example_bash_decorator.py                                                            1           0  0.78s           2026-06-15T00:15:49
/Users/fatimanaqib/Documents/job-market-tracker/.venv/lib/python3.11/site-packages/airflow/example_dags/example_short_circuit_operator.py                                                    1           0  0.77s           2026-06-15T00:14:57
/Users/fatimanaqib/Documents/job-market-tracker/.venv/lib/python3.11/site-packages/airflow/example_dags/example_branch_operator_decorator.py                                                 0           0  0.76s           2026-06-15T00:15:39
/Users/fatimanaqib/Documents/job-market-tracker/.venv/lib/python3.11/site-packages/airflow/example_dags/example_params_ui_tutorial.py                                                        1           0  0.75s           2026-06-15T00:15:13
/Users/fatimanaqib/Documents/job-market-tracker/.venv/lib/python3.11/site-packages/airflow/example_dags/example_passing_params_via_test_command.py                                           1           0  0.75s           2026-06-15T00:15:11
/Users/fatimanaqib/Documents/job-market-tracker/.venv/lib/python3.11/site-packages/airflow/example_dags/example_nested_branch_dag.py                                                         1           0  0.73s           2026-06-15T00:15:16
/Users/fatimanaqib/Documents/job-market-tracker/.venv/lib/python3.11/site-packages/airflow/example_dags/tutorial_taskflow_api_virtualenv.py                                                  0           0  0.73s           2026-06-15T00:14:34
/Users/fatimanaqib/Documents/job-market-tracker/.venv/lib/python3.11/site-packages/airflow/example_dags/example_dynamic_task_mapping_with_no_taskflow_operators.py                           1           0  0.73s           2026-06-15T00:15:26
/Users/fatimanaqib/Documents/job-market-tracker/.venv/lib/python3.11/site-packages/airflow/example_dags/example_bash_operator.py                                                             1           0  0.72s           2026-06-15T00:15:47
/Users/fatimanaqib/Documents/job-market-tracker/.venv/lib/python3.11/site-packages/airflow/example_dags/tutorial_dag.py                                                                      1           0  0.72s           2026-06-15T00:14:38
/Users/fatimanaqib/Documents/job-market-tracker/.venv/lib/python3.11/site-packages/airflow/example_dags/example_params_trigger_ui.py                                                         1           0  0.72s           2026-06-15T00:15:14
/Users/fatimanaqib/Documents/job-market-tracker/.venv/lib/python3.11/site-packages/airflow/example_dags/example_task_group_decorator.py                                                      1           0  0.71s           2026-06-15T00:14:49
/Users/fatimanaqib/Documents/job-market-tracker/.venv/lib/python3.11/site-packages/airflow/example_dags/example_sensor_decorator.py                                                          1           0  0.71s           2026-06-15T00:15:05
/Users/fatimanaqib/Documents/job-market-tracker/.venv/lib/python3.11/site-packages/airflow/example_dags/example_trigger_target_dag.py                                                        1           0  0.71s           2026-06-15T00:14:45
/Users/fatimanaqib/Documents/job-market-tracker/.venv/lib/python3.11/site-packages/airflow/example_dags/example_latest_only_with_trigger.py                                                  1           0  0.71s           2026-06-15T00:15:20
/Users/fatimanaqib/Documents/job-market-tracker/.venv/lib/python3.11/site-packages/airflow/example_dags/example_python_operator.py                                                           1           0  0.71s           2026-06-15T00:15:07
/Users/fatimanaqib/Documents/job-market-tracker/.venv/lib/python3.11/site-packages/airflow/example_dags/example_display_name.py                                                              1           0  0.71s           2026-06-15T00:15:30
/Users/fatimanaqib/Documents/job-market-tracker/.venv/lib/python3.11/site-packages/airflow/example_dags/example_latest_only.py                                                               1           0  0.71s           2026-06-15T00:15:21
/Users/fatimanaqib/Documents/job-market-tracker/.venv/lib/python3.11/site-packages/airflow/example_dags/example_xcom.py                                                                      1           0  0.71s           2026-06-15T00:14:43
/Users/fatimanaqib/Documents/job-market-tracker/airflow/dags/job_ingestion_dag.py                                                                                                            1           0  0.70s           2026-06-15T00:15:51
/Users/fatimanaqib/Documents/job-market-tracker/.venv/lib/python3.11/site-packages/airflow/example_dags/example_external_task_marker_dag.py                                                  2           0  0.70s           2026-06-15T00:15:25
/Users/fatimanaqib/Documents/job-market-tracker/.venv/lib/python3.11/site-packages/airflow/example_dags/tutorial_objectstorage.py                                                            1           0  0.70s           2026-06-15T00:14:36
/Users/fatimanaqib/Documents/job-market-tracker/.venv/lib/python3.11/site-packages/airflow/example_dags/example_datasets.py                                                                 10           0  0.70s           2026-06-15T00:15:32
/Users/fatimanaqib/Documents/job-market-tracker/.venv/lib/python3.11/site-packages/airflow/example_dags/example_short_circuit_decorator.py                                                   1           0  0.70s           2026-06-15T00:14:58
/Users/fatimanaqib/Documents/job-market-tracker/.venv/lib/python3.11/site-packages/airflow/example_dags/tutorial_taskflow_api.py                                                             1           0  0.69s           2026-06-15T00:14:35
/Users/fatimanaqib/Documents/job-market-tracker/.venv/lib/python3.11/site-packages/airflow/example_dags/example_branch_labels.py                                                             1           0  0.69s           2026-06-15T00:15:42
/Users/fatimanaqib/Documents/job-market-tracker/.venv/lib/python3.11/site-packages/airflow/example_dags/example_dynamic_task_mapping.py                                                      1           0  0.69s           2026-06-15T00:15:28
/Users/fatimanaqib/Documents/job-market-tracker/.venv/lib/python3.11/site-packages/airflow/example_dags/example_subdag_operator.py                                                           3           0  0.69s           2026-06-15T00:14:52
/Users/fatimanaqib/Documents/job-market-tracker/.venv/lib/python3.11/site-packages/airflow/example_dags/example_trigger_controller_dag.py                                                    1           0  0.69s           2026-06-15T00:14:46
/Users/fatimanaqib/Documents/job-market-tracker/.venv/lib/python3.11/site-packages/airflow/example_dags/plugins/workday.py                                                                   0           0  0.69s           2026-06-15T00:15:56
/Users/fatimanaqib/Documents/job-market-tracker/.venv/lib/python3.11/site-packages/airflow/example_dags/example_xcomargs.py                                                                  2           0  0.69s           2026-06-15T00:14:41
/Users/fatimanaqib/Documents/job-market-tracker/.venv/lib/python3.11/site-packages/airflow/example_dags/example_branch_python_dop_operator_3.py                                              1           0  0.68s           2026-06-15T00:15:37
/Users/fatimanaqib/Documents/job-market-tracker/.venv/lib/python3.11/site-packages/airflow/example_dags/example_skip_dag.py                                                                  1           0  0.68s           2026-06-15T00:14:55
/Users/fatimanaqib/Documents/job-market-tracker/.venv/lib/python3.11/site-packages/airflow/example_dags/plugins/event_listener.py                                                            0           0  0.68s           2026-06-15T00:15:59
/Users/fatimanaqib/Documents/job-market-tracker/.venv/lib/python3.11/site-packages/airflow/example_dags/example_python_decorator.py                                                          1           0  0.68s           2026-06-15T00:15:09
/Users/fatimanaqib/Documents/job-market-tracker/.venv/lib/python3.11/site-packages/airflow/example_dags/example_complex.py                                                                   1           0  0.68s           2026-06-15T00:15:35
/Users/fatimanaqib/Documents/job-market-tracker/.venv/lib/python3.11/site-packages/airflow/example_dags/example_branch_datetime_operator.py                                                  3           0  0.67s           2026-06-15T00:15:46
/Users/fatimanaqib/Documents/job-market-tracker/.venv/lib/python3.11/site-packages/airflow/example_dags/tutorial.py                                                                          1           0  0.67s           2026-06-15T00:14:40
/Users/fatimanaqib/Documents/job-market-tracker/.venv/lib/python3.11/site-packages/airflow/example_dags/example_time_delta_sensor_async.py                                                   1           0  0.67s           2026-06-15T00:14:47
/Users/fatimanaqib/Documents/job-market-tracker/.venv/lib/python3.11/site-packages/airflow/example_dags/example_branch_day_of_week_operator.py                                               1           0  0.66s           2026-06-15T00:15:44
/Users/fatimanaqib/Documents/job-market-tracker/.venv/lib/python3.11/site-packages/airflow/example_dags/example_branch_operator.py                                                           0           0  0.66s           2026-06-15T00:15:40
/Users/fatimanaqib/Documents/job-market-tracker/.venv/lib/python3.11/site-packages/airflow/example_dags/example_sla_dag.py                                                                   1           0  0.66s           2026-06-15T00:14:54
/Users/fatimanaqib/Documents/job-market-tracker/.venv/lib/python3.11/site-packages/airflow/example_dags/example_local_kubernetes_executor.py                                                 0           0  0.66s           2026-06-15T00:15:18
/Users/fatimanaqib/Documents/job-market-tracker/.venv/lib/python3.11/site-packages/airflow/example_dags/plugins/listener_plugin.py                                                           0           0  0.65s           2026-06-15T00:15:58
/Users/fatimanaqib/Documents/job-market-tracker/.venv/lib/python3.11/site-packages/airflow/example_dags/subdags/subdag.py                                                                    0           0  0.65s           2026-06-15T00:15:54
/Users/fatimanaqib/Documents/job-market-tracker/airflow/dags/__init__.py                                                                                                                     0           0  0.64s           2026-06-15T00:15:52
/Users/fatimanaqib/Documents/job-market-tracker/.venv/lib/python3.11/site-packages/airflow/example_dags/example_task_group.py                                                                1           0  0.63s           2026-06-15T00:14:51
/Users/fatimanaqib/Documents/job-market-tracker/.venv/lib/python3.11/site-packages/airflow/example_dags/example_kubernetes_executor.py                                                       0           0  0.62s           2026-06-15T00:15:23
================================================================================
[2026-06-14T17:16:30.849-0700] {manager.py:878} INFO - 
================================================================================
DAG File Processing Stats

File Path                                                                                                                                                           PID    Runtime      # DAGs    # Errors  Last Runtime    Last Run
------------------------------------------------------------------------------------------------------------------------------------------------------------------  -----  ---------  --------  ----------  --------------  -------------------
/Users/fatimanaqib/Documents/job-market-tracker/.venv/lib/python3.11/site-packages/airflow/example_dags/example_setup_teardown_taskflow.py                                                   1           0  0.93s           2026-06-15T00:15:00
/Users/fatimanaqib/Documents/job-market-tracker/.venv/lib/python3.11/site-packages/airflow/example_dags/example_setup_teardown.py                                                            1           0  0.88s           2026-06-15T00:15:02
/Users/fatimanaqib/Documents/job-market-tracker/.venv/lib/python3.11/site-packages/airflow/example_dags/example_sensors.py                                                                   1           0  0.83s           2026-06-15T00:15:04
/Users/fatimanaqib/Documents/job-market-tracker/.venv/lib/python3.11/site-packages/airflow/example_dags/example_dag_decorator.py                                                             1           0  0.82s           2026-06-15T00:15:33
/Users/fatimanaqib/Documents/job-market-tracker/.venv/lib/python3.11/site-packages/airflow/example_dags/example_bash_decorator.py                                                            1           0  0.78s           2026-06-15T00:15:49
/Users/fatimanaqib/Documents/job-market-tracker/.venv/lib/python3.11/site-packages/airflow/example_dags/example_branch_operator_decorator.py                                                 0           0  0.76s           2026-06-15T00:15:39
/Users/fatimanaqib/Documents/job-market-tracker/.venv/lib/python3.11/site-packages/airflow/example_dags/example_xcom.py                                                                      1           0  0.76s           2026-06-15T00:16:13
/Users/fatimanaqib/Documents/job-market-tracker/.venv/lib/python3.11/site-packages/airflow/example_dags/example_trigger_target_dag.py                                                        1           0  0.75s           2026-06-15T00:16:15
/Users/fatimanaqib/Documents/job-market-tracker/.venv/lib/python3.11/site-packages/airflow/example_dags/example_params_ui_tutorial.py                                                        1           0  0.75s           2026-06-15T00:15:13
/Users/fatimanaqib/Documents/job-market-tracker/.venv/lib/python3.11/site-packages/airflow/example_dags/example_passing_params_via_test_command.py                                           1           0  0.75s           2026-06-15T00:15:11
/Users/fatimanaqib/Documents/job-market-tracker/.venv/lib/python3.11/site-packages/airflow/example_dags/example_nested_branch_dag.py                                                         1           0  0.73s           2026-06-15T00:15:16
/Users/fatimanaqib/Documents/job-market-tracker/.venv/lib/python3.11/site-packages/airflow/example_dags/tutorial_taskflow_api_virtualenv.py                                                  0           0  0.73s           2026-06-15T00:16:03
/Users/fatimanaqib/Documents/job-market-tracker/.venv/lib/python3.11/site-packages/airflow/example_dags/example_dynamic_task_mapping_with_no_taskflow_operators.py                           1           0  0.73s           2026-06-15T00:15:26
/Users/fatimanaqib/Documents/job-market-tracker/.venv/lib/python3.11/site-packages/airflow/example_dags/example_short_circuit_decorator.py                                                   1           0  0.72s           2026-06-15T00:16:30
/Users/fatimanaqib/Documents/job-market-tracker/.venv/lib/python3.11/site-packages/airflow/example_dags/example_bash_operator.py                                                             1           0  0.72s           2026-06-15T00:15:47
/Users/fatimanaqib/Documents/job-market-tracker/.venv/lib/python3.11/site-packages/airflow/example_dags/example_params_trigger_ui.py                                                         1           0  0.72s           2026-06-15T00:15:14
/Users/fatimanaqib/Documents/job-market-tracker/.venv/lib/python3.11/site-packages/airflow/example_dags/example_sensor_decorator.py                                                          1           0  0.71s           2026-06-15T00:15:05
/Users/fatimanaqib/Documents/job-market-tracker/.venv/lib/python3.11/site-packages/airflow/example_dags/example_latest_only_with_trigger.py                                                  1           0  0.71s           2026-06-15T00:15:20
/Users/fatimanaqib/Documents/job-market-tracker/.venv/lib/python3.11/site-packages/airflow/example_dags/tutorial_objectstorage.py                                                            1           0  0.71s           2026-06-15T00:16:06
/Users/fatimanaqib/Documents/job-market-tracker/.venv/lib/python3.11/site-packages/airflow/example_dags/example_python_operator.py                                                           1           0  0.71s           2026-06-15T00:15:07
/Users/fatimanaqib/Documents/job-market-tracker/.venv/lib/python3.11/site-packages/airflow/example_dags/example_task_group.py                                                                1           0  0.71s           2026-06-15T00:16:22
/Users/fatimanaqib/Documents/job-market-tracker/.venv/lib/python3.11/site-packages/airflow/example_dags/example_display_name.py                                                              1           0  0.71s           2026-06-15T00:15:30
/Users/fatimanaqib/Documents/job-market-tracker/.venv/lib/python3.11/site-packages/airflow/example_dags/example_latest_only.py                                                               1           0  0.71s           2026-06-15T00:15:21
/Users/fatimanaqib/Documents/job-market-tracker/airflow/dags/job_ingestion_dag.py                                                                                                            1           0  0.70s           2026-06-15T00:15:51
/Users/fatimanaqib/Documents/job-market-tracker/.venv/lib/python3.11/site-packages/airflow/example_dags/example_external_task_marker_dag.py                                                  2           0  0.70s           2026-06-15T00:15:25
/Users/fatimanaqib/Documents/job-market-tracker/.venv/lib/python3.11/site-packages/airflow/example_dags/tutorial.py                                                                          1           0  0.70s           2026-06-15T00:16:10
/Users/fatimanaqib/Documents/job-market-tracker/.venv/lib/python3.11/site-packages/airflow/example_dags/example_sla_dag.py                                                                   1           0  0.70s           2026-06-15T00:16:25
/Users/fatimanaqib/Documents/job-market-tracker/.venv/lib/python3.11/site-packages/airflow/example_dags/example_datasets.py                                                                 10           0  0.70s           2026-06-15T00:15:32
/Users/fatimanaqib/Documents/job-market-tracker/.venv/lib/python3.11/site-packages/airflow/example_dags/example_task_group_decorator.py                                                      1           0  0.69s           2026-06-15T00:16:20
/Users/fatimanaqib/Documents/job-market-tracker/.venv/lib/python3.11/site-packages/airflow/example_dags/example_branch_labels.py                                                             1           0  0.69s           2026-06-15T00:15:42
/Users/fatimanaqib/Documents/job-market-tracker/.venv/lib/python3.11/site-packages/airflow/example_dags/example_subdag_operator.py                                                           3           0  0.69s           2026-06-15T00:16:23
/Users/fatimanaqib/Documents/job-market-tracker/.venv/lib/python3.11/site-packages/airflow/example_dags/example_dynamic_task_mapping.py                                                      1           0  0.69s           2026-06-15T00:15:28
/Users/fatimanaqib/Documents/job-market-tracker/.venv/lib/python3.11/site-packages/airflow/example_dags/tutorial_taskflow_api.py                                                             1           0  0.69s           2026-06-15T00:16:04
/Users/fatimanaqib/Documents/job-market-tracker/.venv/lib/python3.11/site-packages/airflow/example_dags/plugins/workday.py                                                                   0           0  0.69s           2026-06-15T00:15:56
/Users/fatimanaqib/Documents/job-market-tracker/.venv/lib/python3.11/site-packages/airflow/example_dags/tutorial_dag.py                                                                      1           0  0.68s           2026-06-15T00:16:08
/Users/fatimanaqib/Documents/job-market-tracker/.venv/lib/python3.11/site-packages/airflow/example_dags/example_branch_python_dop_operator_3.py                                              1           0  0.68s           2026-06-15T00:15:37
/Users/fatimanaqib/Documents/job-market-tracker/.venv/lib/python3.11/site-packages/airflow/example_dags/plugins/event_listener.py                                                            0           0  0.68s           2026-06-15T00:15:59
/Users/fatimanaqib/Documents/job-market-tracker/.venv/lib/python3.11/site-packages/airflow/example_dags/example_python_decorator.py                                                          1           0  0.68s           2026-06-15T00:15:09
/Users/fatimanaqib/Documents/job-market-tracker/.venv/lib/python3.11/site-packages/airflow/example_dags/example_complex.py                                                                   1           0  0.68s           2026-06-15T00:15:35
/Users/fatimanaqib/Documents/job-market-tracker/.venv/lib/python3.11/site-packages/airflow/example_dags/example_xcomargs.py                                                                  2           0  0.67s           2026-06-15T00:16:11
/Users/fatimanaqib/Documents/job-market-tracker/.venv/lib/python3.11/site-packages/airflow/example_dags/example_branch_datetime_operator.py                                                  3           0  0.67s           2026-06-15T00:15:46
/Users/fatimanaqib/Documents/job-market-tracker/.venv/lib/python3.11/site-packages/airflow/example_dags/example_short_circuit_operator.py                                                    1           0  0.67s           2026-06-15T00:16:29
/Users/fatimanaqib/Documents/job-market-tracker/.venv/lib/python3.11/site-packages/airflow/example_dags/example_trigger_controller_dag.py                                                    1           0  0.67s           2026-06-15T00:16:17
/Users/fatimanaqib/Documents/job-market-tracker/.venv/lib/python3.11/site-packages/airflow/example_dags/example_branch_day_of_week_operator.py                                               1           0  0.66s           2026-06-15T00:15:44
/Users/fatimanaqib/Documents/job-market-tracker/.venv/lib/python3.11/site-packages/airflow/example_dags/example_branch_operator.py                                                           0           0  0.66s           2026-06-15T00:15:40
/Users/fatimanaqib/Documents/job-market-tracker/.venv/lib/python3.11/site-packages/airflow/example_dags/example_local_kubernetes_executor.py                                                 0           0  0.66s           2026-06-15T00:15:18
/Users/fatimanaqib/Documents/job-market-tracker/.venv/lib/python3.11/site-packages/airflow/example_dags/example_time_delta_sensor_async.py                                                   1           0  0.66s           2026-06-15T00:16:18
/Users/fatimanaqib/Documents/job-market-tracker/.venv/lib/python3.11/site-packages/airflow/example_dags/example_skip_dag.py                                                                  1           0  0.66s           2026-06-15T00:16:27
/Users/fatimanaqib/Documents/job-market-tracker/.venv/lib/python3.11/site-packages/airflow/example_dags/plugins/listener_plugin.py                                                           0           0  0.65s           2026-06-15T00:15:58
/Users/fatimanaqib/Documents/job-market-tracker/.venv/lib/python3.11/site-packages/airflow/example_dags/subdags/subdag.py                                                                    0           0  0.65s           2026-06-15T00:15:54
/Users/fatimanaqib/Documents/job-market-tracker/airflow/dags/__init__.py                                                                                                                     0           0  0.64s           2026-06-15T00:15:52
/Users/fatimanaqib/Documents/job-market-tracker/.venv/lib/python3.11/site-packages/airflow/example_dags/plugins/decreasing_priority_weight_strategy.py                                       0           0  0.62s           2026-06-15T00:16:01
/Users/fatimanaqib/Documents/job-market-tracker/.venv/lib/python3.11/site-packages/airflow/example_dags/example_kubernetes_executor.py                                                       0           0  0.62s           2026-06-15T00:15:23
================================================================================
[2026-06-14T17:17:01.739-0700] {manager.py:878} INFO - 
================================================================================
DAG File Processing Stats

File Path                                                                                                                                                           PID    Runtime      # DAGs    # Errors  Last Runtime    Last Run
------------------------------------------------------------------------------------------------------------------------------------------------------------------  -----  ---------  --------  ----------  --------------  -------------------
/Users/fatimanaqib/Documents/job-market-tracker/.venv/lib/python3.11/site-packages/airflow/example_dags/example_dag_decorator.py                                                             1           0  0.82s           2026-06-15T00:15:33
/Users/fatimanaqib/Documents/job-market-tracker/.venv/lib/python3.11/site-packages/airflow/example_dags/example_bash_decorator.py                                                            1           0  0.78s           2026-06-15T00:15:49
/Users/fatimanaqib/Documents/job-market-tracker/.venv/lib/python3.11/site-packages/airflow/example_dags/example_branch_operator_decorator.py                                                 0           0  0.76s           2026-06-15T00:15:39
/Users/fatimanaqib/Documents/job-market-tracker/.venv/lib/python3.11/site-packages/airflow/example_dags/example_xcom.py                                                                      1           0  0.76s           2026-06-15T00:16:13
/Users/fatimanaqib/Documents/job-market-tracker/.venv/lib/python3.11/site-packages/airflow/example_dags/example_trigger_target_dag.py                                                        1           0  0.75s           2026-06-15T00:16:15
/Users/fatimanaqib/Documents/job-market-tracker/.venv/lib/python3.11/site-packages/airflow/example_dags/tutorial_taskflow_api_virtualenv.py                                                  0           0  0.73s           2026-06-15T00:16:03
/Users/fatimanaqib/Documents/job-market-tracker/.venv/lib/python3.11/site-packages/airflow/example_dags/example_dynamic_task_mapping_with_no_taskflow_operators.py                           1           0  0.73s           2026-06-15T00:15:26
/Users/fatimanaqib/Documents/job-market-tracker/.venv/lib/python3.11/site-packages/airflow/example_dags/subdags/subdag.py                                                                    0           0  0.73s           2026-06-15T00:16:56
/Users/fatimanaqib/Documents/job-market-tracker/.venv/lib/python3.11/site-packages/airflow/example_dags/example_short_circuit_decorator.py                                                   1           0  0.72s           2026-06-15T00:16:30
/Users/fatimanaqib/Documents/job-market-tracker/.venv/lib/python3.11/site-packages/airflow/example_dags/example_bash_operator.py                                                             1           0  0.72s           2026-06-15T00:15:47
/Users/fatimanaqib/Documents/job-market-tracker/.venv/lib/python3.11/site-packages/airflow/example_dags/tutorial_objectstorage.py                                                            1           0  0.71s           2026-06-15T00:16:06
/Users/fatimanaqib/Documents/job-market-tracker/.venv/lib/python3.11/site-packages/airflow/example_dags/example_task_group.py                                                                1           0  0.71s           2026-06-15T00:16:22
/Users/fatimanaqib/Documents/job-market-tracker/.venv/lib/python3.11/site-packages/airflow/example_dags/example_display_name.py                                                              1           0  0.71s           2026-06-15T00:15:30
/Users/fatimanaqib/Documents/job-market-tracker/.venv/lib/python3.11/site-packages/airflow/example_dags/example_params_ui_tutorial.py                                                        1           0  0.71s           2026-06-15T00:16:44
/Users/fatimanaqib/Documents/job-market-tracker/.venv/lib/python3.11/site-packages/airflow/example_dags/example_python_operator.py                                                           1           0  0.71s           2026-06-15T00:16:39
/Users/fatimanaqib/Documents/job-market-tracker/airflow/dags/job_ingestion_dag.py                                                                                                            1           0  0.70s           2026-06-15T00:15:51
/Users/fatimanaqib/Documents/job-market-tracker/.venv/lib/python3.11/site-packages/airflow/example_dags/example_external_task_marker_dag.py                                                  2           0  0.70s           2026-06-15T00:15:25
/Users/fatimanaqib/Documents/job-market-tracker/.venv/lib/python3.11/site-packages/airflow/example_dags/tutorial.py                                                                          1           0  0.70s           2026-06-15T00:16:10
/Users/fatimanaqib/Documents/job-market-tracker/.venv/lib/python3.11/site-packages/airflow/example_dags/example_params_trigger_ui.py                                                         1           0  0.70s           2026-06-15T00:16:46
/Users/fatimanaqib/Documents/job-market-tracker/.venv/lib/python3.11/site-packages/airflow/example_dags/example_sla_dag.py                                                                   1           0  0.70s           2026-06-15T00:16:25
/Users/fatimanaqib/Documents/job-market-tracker/.venv/lib/python3.11/site-packages/airflow/example_dags/plugins/event_listener.py                                                            0           0  0.70s           2026-06-15T00:17:01
/Users/fatimanaqib/Documents/job-market-tracker/.venv/lib/python3.11/site-packages/airflow/example_dags/example_datasets.py                                                                 10           0  0.70s           2026-06-15T00:15:32
/Users/fatimanaqib/Documents/job-market-tracker/.venv/lib/python3.11/site-packages/airflow/example_dags/example_python_decorator.py                                                          1           0  0.69s           2026-06-15T00:16:41
/Users/fatimanaqib/Documents/job-market-tracker/.venv/lib/python3.11/site-packages/airflow/example_dags/example_task_group_decorator.py                                                      1           0  0.69s           2026-06-15T00:16:20
/Users/fatimanaqib/Documents/job-market-tracker/.venv/lib/python3.11/site-packages/airflow/example_dags/example_branch_labels.py                                                             1           0  0.69s           2026-06-15T00:15:42
/Users/fatimanaqib/Documents/job-market-tracker/.venv/lib/python3.11/site-packages/airflow/example_dags/example_subdag_operator.py                                                           3           0  0.69s           2026-06-15T00:16:23
/Users/fatimanaqib/Documents/job-market-tracker/.venv/lib/python3.11/site-packages/airflow/example_dags/example_dynamic_task_mapping.py                                                      1           0  0.69s           2026-06-15T00:15:28
/Users/fatimanaqib/Documents/job-market-tracker/.venv/lib/python3.11/site-packages/airflow/example_dags/tutorial_taskflow_api.py                                                             1           0  0.69s           2026-06-15T00:16:04
/Users/fatimanaqib/Documents/job-market-tracker/.venv/lib/python3.11/site-packages/airflow/example_dags/example_sensor_decorator.py                                                          1           0  0.69s           2026-06-15T00:16:37
/Users/fatimanaqib/Documents/job-market-tracker/.venv/lib/python3.11/site-packages/airflow/example_dags/example_latest_only_with_trigger.py                                                  1           0  0.69s           2026-06-15T00:16:51
/Users/fatimanaqib/Documents/job-market-tracker/.venv/lib/python3.11/site-packages/airflow/example_dags/example_sensors.py                                                                   1           0  0.69s           2026-06-15T00:16:35
/Users/fatimanaqib/Documents/job-market-tracker/.venv/lib/python3.11/site-packages/airflow/example_dags/example_setup_teardown_taskflow.py                                                   1           0  0.68s           2026-06-15T00:16:32
/Users/fatimanaqib/Documents/job-market-tracker/.venv/lib/python3.11/site-packages/airflow/example_dags/tutorial_dag.py                                                                      1           0  0.68s           2026-06-15T00:16:08
/Users/fatimanaqib/Documents/job-market-tracker/.venv/lib/python3.11/site-packages/airflow/example_dags/example_branch_python_dop_operator_3.py                                              1           0  0.68s           2026-06-15T00:15:37
/Users/fatimanaqib/Documents/job-market-tracker/.venv/lib/python3.11/site-packages/airflow/example_dags/example_complex.py                                                                   1           0  0.68s           2026-06-15T00:15:35
/Users/fatimanaqib/Documents/job-market-tracker/.venv/lib/python3.11/site-packages/airflow/example_dags/example_latest_only.py                                                               1           0  0.68s           2026-06-15T00:16:53
/Users/fatimanaqib/Documents/job-market-tracker/.venv/lib/python3.11/site-packages/airflow/example_dags/example_xcomargs.py                                                                  2           0  0.67s           2026-06-15T00:16:11
/Users/fatimanaqib/Documents/job-market-tracker/.venv/lib/python3.11/site-packages/airflow/example_dags/example_branch_datetime_operator.py                                                  3           0  0.67s           2026-06-15T00:15:46
/Users/fatimanaqib/Documents/job-market-tracker/.venv/lib/python3.11/site-packages/airflow/example_dags/example_passing_params_via_test_command.py                                           1           0  0.67s           2026-06-15T00:16:42
/Users/fatimanaqib/Documents/job-market-tracker/.venv/lib/python3.11/site-packages/airflow/example_dags/example_short_circuit_operator.py                                                    1           0  0.67s           2026-06-15T00:16:29
/Users/fatimanaqib/Documents/job-market-tracker/.venv/lib/python3.11/site-packages/airflow/example_dags/example_trigger_controller_dag.py                                                    1           0  0.67s           2026-06-15T00:16:17
/Users/fatimanaqib/Documents/job-market-tracker/.venv/lib/python3.11/site-packages/airflow/example_dags/example_nested_branch_dag.py                                                         1           0  0.67s           2026-06-15T00:16:48
/Users/fatimanaqib/Documents/job-market-tracker/.venv/lib/python3.11/site-packages/airflow/example_dags/example_local_kubernetes_executor.py                                                 0           0  0.67s           2026-06-15T00:16:49
/Users/fatimanaqib/Documents/job-market-tracker/.venv/lib/python3.11/site-packages/airflow/example_dags/example_branch_day_of_week_operator.py                                               1           0  0.66s           2026-06-15T00:15:44
/Users/fatimanaqib/Documents/job-market-tracker/.venv/lib/python3.11/site-packages/airflow/example_dags/example_branch_operator.py                                                           0           0  0.66s           2026-06-15T00:15:40
/Users/fatimanaqib/Documents/job-market-tracker/.venv/lib/python3.11/site-packages/airflow/example_dags/example_kubernetes_executor.py                                                       0           0  0.66s           2026-06-15T00:16:54
/Users/fatimanaqib/Documents/job-market-tracker/.venv/lib/python3.11/site-packages/airflow/example_dags/example_time_delta_sensor_async.py                                                   1           0  0.66s           2026-06-15T00:16:18
/Users/fatimanaqib/Documents/job-market-tracker/.venv/lib/python3.11/site-packages/airflow/example_dags/example_setup_teardown.py                                                            1           0  0.66s           2026-06-15T00:16:34
/Users/fatimanaqib/Documents/job-market-tracker/.venv/lib/python3.11/site-packages/airflow/example_dags/example_skip_dag.py                                                                  1           0  0.66s           2026-06-15T00:16:27
/Users/fatimanaqib/Documents/job-market-tracker/.venv/lib/python3.11/site-packages/airflow/example_dags/plugins/listener_plugin.py                                                           0           0  0.66s           2026-06-15T00:17:00
/Users/fatimanaqib/Documents/job-market-tracker/.venv/lib/python3.11/site-packages/airflow/example_dags/plugins/workday.py                                                                   0           0  0.65s           2026-06-15T00:16:58
/Users/fatimanaqib/Documents/job-market-tracker/airflow/dags/__init__.py                                                                                                                     0           0  0.64s           2026-06-15T00:15:52
/Users/fatimanaqib/Documents/job-market-tracker/.venv/lib/python3.11/site-packages/airflow/example_dags/plugins/decreasing_priority_weight_strategy.py                                       0           0  0.62s           2026-06-15T00:16:01
================================================================================
[2026-06-14T17:17:33.041-0700] {manager.py:878} INFO - 
================================================================================
DAG File Processing Stats

File Path                                                                                                                                                           PID    Runtime      # DAGs    # Errors  Last Runtime    Last Run
------------------------------------------------------------------------------------------------------------------------------------------------------------------  -----  ---------  --------  ----------  --------------  -------------------
/Users/fatimanaqib/Documents/job-market-tracker/.venv/lib/python3.11/site-packages/airflow/example_dags/example_dynamic_task_mapping_with_no_taskflow_operators.py                           1           0  0.84s           2026-06-15T00:17:31
/Users/fatimanaqib/Documents/job-market-tracker/.venv/lib/python3.11/site-packages/airflow/example_dags/example_dag_decorator.py                                                             1           0  0.82s           2026-06-15T00:15:33
/Users/fatimanaqib/Documents/job-market-tracker/.venv/lib/python3.11/site-packages/airflow/example_dags/example_xcom.py                                                                      1           0  0.79s           2026-06-15T00:17:15
/Users/fatimanaqib/Documents/job-market-tracker/.venv/lib/python3.11/site-packages/airflow/example_dags/example_bash_decorator.py                                                            1           0  0.78s           2026-06-15T00:15:49
/Users/fatimanaqib/Documents/job-market-tracker/.venv/lib/python3.11/site-packages/airflow/example_dags/example_sla_dag.py                                                                   1           0  0.76s           2026-06-15T00:17:27
/Users/fatimanaqib/Documents/job-market-tracker/.venv/lib/python3.11/site-packages/airflow/example_dags/example_branch_operator_decorator.py                                                 0           0  0.76s           2026-06-15T00:15:39
/Users/fatimanaqib/Documents/job-market-tracker/.venv/lib/python3.11/site-packages/airflow/example_dags/tutorial_dag.py                                                                      1           0  0.75s           2026-06-15T00:17:10
/Users/fatimanaqib/Documents/job-market-tracker/.venv/lib/python3.11/site-packages/airflow/example_dags/example_task_group_decorator.py                                                      1           0  0.73s           2026-06-15T00:17:22
/Users/fatimanaqib/Documents/job-market-tracker/.venv/lib/python3.11/site-packages/airflow/example_dags/subdags/subdag.py                                                                    0           0  0.73s           2026-06-15T00:16:56
/Users/fatimanaqib/Documents/job-market-tracker/.venv/lib/python3.11/site-packages/airflow/example_dags/example_short_circuit_decorator.py                                                   1           0  0.72s           2026-06-15T00:16:30
/Users/fatimanaqib/Documents/job-market-tracker/.venv/lib/python3.11/site-packages/airflow/example_dags/example_bash_operator.py                                                             1           0  0.72s           2026-06-15T00:15:47
/Users/fatimanaqib/Documents/job-market-tracker/.venv/lib/python3.11/site-packages/airflow/example_dags/example_subdag_operator.py                                                           3           0  0.72s           2026-06-15T00:17:25
/Users/fatimanaqib/Documents/job-market-tracker/.venv/lib/python3.11/site-packages/airflow/example_dags/tutorial_objectstorage.py                                                            1           0  0.72s           2026-06-15T00:17:08
/Users/fatimanaqib/Documents/job-market-tracker/.venv/lib/python3.11/site-packages/airflow/example_dags/example_time_delta_sensor_async.py                                                   1           0  0.71s           2026-06-15T00:17:20
/Users/fatimanaqib/Documents/job-market-tracker/.venv/lib/python3.11/site-packages/airflow/example_dags/example_display_name.py                                                              1           0  0.71s           2026-06-15T00:15:30
/Users/fatimanaqib/Documents/job-market-tracker/.venv/lib/python3.11/site-packages/airflow/example_dags/tutorial_taskflow_api.py                                                             1           0  0.71s           2026-06-15T00:17:06
/Users/fatimanaqib/Documents/job-market-tracker/.venv/lib/python3.11/site-packages/airflow/example_dags/example_params_ui_tutorial.py                                                        1           0  0.71s           2026-06-15T00:16:44
/Users/fatimanaqib/Documents/job-market-tracker/.venv/lib/python3.11/site-packages/airflow/example_dags/example_python_operator.py                                                           1           0  0.71s           2026-06-15T00:16:39
/Users/fatimanaqib/Documents/job-market-tracker/airflow/dags/job_ingestion_dag.py                                                                                                            1           0  0.70s           2026-06-15T00:15:51
/Users/fatimanaqib/Documents/job-market-tracker/.venv/lib/python3.11/site-packages/airflow/example_dags/example_params_trigger_ui.py                                                         1           0  0.70s           2026-06-15T00:16:46
/Users/fatimanaqib/Documents/job-market-tracker/.venv/lib/python3.11/site-packages/airflow/example_dags/plugins/event_listener.py                                                            0           0  0.70s           2026-06-15T00:17:01
/Users/fatimanaqib/Documents/job-market-tracker/.venv/lib/python3.11/site-packages/airflow/example_dags/example_datasets.py                                                                 10           0  0.70s           2026-06-15T00:15:32
/Users/fatimanaqib/Documents/job-market-tracker/.venv/lib/python3.11/site-packages/airflow/example_dags/example_python_decorator.py                                                          1           0  0.69s           2026-06-15T00:16:41
/Users/fatimanaqib/Documents/job-market-tracker/.venv/lib/python3.11/site-packages/airflow/example_dags/example_task_group.py                                                                1           0  0.69s           2026-06-15T00:17:24
/Users/fatimanaqib/Documents/job-market-tracker/.venv/lib/python3.11/site-packages/airflow/example_dags/example_branch_labels.py                                                             1           0  0.69s           2026-06-15T00:15:42
/Users/fatimanaqib/Documents/job-market-tracker/.venv/lib/python3.11/site-packages/airflow/example_dags/example_sensor_decorator.py                                                          1           0  0.69s           2026-06-15T00:16:37
/Users/fatimanaqib/Documents/job-market-tracker/.venv/lib/python3.11/site-packages/airflow/example_dags/example_latest_only_with_trigger.py                                                  1           0  0.69s           2026-06-15T00:16:51
/Users/fatimanaqib/Documents/job-market-tracker/.venv/lib/python3.11/site-packages/airflow/example_dags/example_sensors.py                                                                   1           0  0.69s           2026-06-15T00:16:35
/Users/fatimanaqib/Documents/job-market-tracker/.venv/lib/python3.11/site-packages/airflow/example_dags/example_setup_teardown_taskflow.py                                                   1           0  0.68s           2026-06-15T00:16:32
/Users/fatimanaqib/Documents/job-market-tracker/.venv/lib/python3.11/site-packages/airflow/example_dags/example_xcomargs.py                                                                  2           0  0.68s           2026-06-15T00:17:13
/Users/fatimanaqib/Documents/job-market-tracker/.venv/lib/python3.11/site-packages/airflow/example_dags/example_branch_python_dop_operator_3.py                                              1           0  0.68s           2026-06-15T00:15:37
/Users/fatimanaqib/Documents/job-market-tracker/.venv/lib/python3.11/site-packages/airflow/example_dags/example_complex.py                                                                   1           0  0.68s           2026-06-15T00:15:35
/Users/fatimanaqib/Documents/job-market-tracker/.venv/lib/python3.11/site-packages/airflow/example_dags/example_dynamic_task_mapping.py                                                      1           0  0.68s           2026-06-15T00:17:33
/Users/fatimanaqib/Documents/job-market-tracker/.venv/lib/python3.11/site-packages/airflow/example_dags/example_latest_only.py                                                               1           0  0.68s           2026-06-15T00:16:53
/Users/fatimanaqib/Documents/job-market-tracker/.venv/lib/python3.11/site-packages/airflow/example_dags/tutorial_taskflow_api_virtualenv.py                                                  0           0  0.67s           2026-06-15T00:17:05
/Users/fatimanaqib/Documents/job-market-tracker/.venv/lib/python3.11/site-packages/airflow/example_dags/example_branch_datetime_operator.py                                                  3           0  0.67s           2026-06-15T00:15:46
/Users/fatimanaqib/Documents/job-market-tracker/.venv/lib/python3.11/site-packages/airflow/example_dags/example_passing_params_via_test_command.py                                           1           0  0.67s           2026-06-15T00:16:42
/Users/fatimanaqib/Documents/job-market-tracker/.venv/lib/python3.11/site-packages/airflow/example_dags/example_short_circuit_operator.py                                                    1           0  0.67s           2026-06-15T00:16:29
/Users/fatimanaqib/Documents/job-market-tracker/.venv/lib/python3.11/site-packages/airflow/example_dags/plugins/decreasing_priority_weight_strategy.py                                       0           0  0.67s           2026-06-15T00:17:03
/Users/fatimanaqib/Documents/job-market-tracker/.venv/lib/python3.11/site-packages/airflow/example_dags/example_nested_branch_dag.py                                                         1           0  0.67s           2026-06-15T00:16:48
/Users/fatimanaqib/Documents/job-market-tracker/.venv/lib/python3.11/site-packages/airflow/example_dags/example_local_kubernetes_executor.py                                                 0           0  0.67s           2026-06-15T00:16:49
/Users/fatimanaqib/Documents/job-market-tracker/.venv/lib/python3.11/site-packages/airflow/example_dags/example_branch_day_of_week_operator.py                                               1           0  0.66s           2026-06-15T00:15:44
/Users/fatimanaqib/Documents/job-market-tracker/.venv/lib/python3.11/site-packages/airflow/example_dags/example_branch_operator.py                                                           0           0  0.66s           2026-06-15T00:15:40
/Users/fatimanaqib/Documents/job-market-tracker/.venv/lib/python3.11/site-packages/airflow/example_dags/tutorial.py                                                                          1           0  0.66s           2026-06-15T00:17:12
/Users/fatimanaqib/Documents/job-market-tracker/.venv/lib/python3.11/site-packages/airflow/example_dags/example_kubernetes_executor.py                                                       0           0  0.66s           2026-06-15T00:16:54
/Users/fatimanaqib/Documents/job-market-tracker/.venv/lib/python3.11/site-packages/airflow/example_dags/example_setup_teardown.py                                                            1           0  0.66s           2026-06-15T00:16:34
/Users/fatimanaqib/Documents/job-market-tracker/.venv/lib/python3.11/site-packages/airflow/example_dags/example_trigger_target_dag.py                                                        1           0  0.66s           2026-06-15T00:17:17
/Users/fatimanaqib/Documents/job-market-tracker/.venv/lib/python3.11/site-packages/airflow/example_dags/example_skip_dag.py                                                                  1           0  0.66s           2026-06-15T00:16:27
/Users/fatimanaqib/Documents/job-market-tracker/.venv/lib/python3.11/site-packages/airflow/example_dags/plugins/listener_plugin.py                                                           0           0  0.66s           2026-06-15T00:17:00
/Users/fatimanaqib/Documents/job-market-tracker/.venv/lib/python3.11/site-packages/airflow/example_dags/example_external_task_marker_dag.py                                                  2           0  0.65s           2026-06-15T00:17:29
/Users/fatimanaqib/Documents/job-market-tracker/.venv/lib/python3.11/site-packages/airflow/example_dags/plugins/workday.py                                                                   0           0  0.65s           2026-06-15T00:16:58
/Users/fatimanaqib/Documents/job-market-tracker/.venv/lib/python3.11/site-packages/airflow/example_dags/example_trigger_controller_dag.py                                                    1           0  0.65s           2026-06-15T00:17:19
/Users/fatimanaqib/Documents/job-market-tracker/airflow/dags/__init__.py                                                                                                                     0           0  0.64s           2026-06-15T00:15:52
================================================================================
[2026-06-14T17:18:04.467-0700] {manager.py:878} INFO - 
================================================================================
DAG File Processing Stats

File Path                                                                                                                                                           PID    Runtime      # DAGs    # Errors  Last Runtime    Last Run
------------------------------------------------------------------------------------------------------------------------------------------------------------------  -----  ---------  --------  ----------  --------------  -------------------
/Users/fatimanaqib/Documents/job-market-tracker/.venv/lib/python3.11/site-packages/airflow/example_dags/example_dag_decorator.py                                                             1           0  0.86s           2026-06-15T00:17:38
/Users/fatimanaqib/Documents/job-market-tracker/.venv/lib/python3.11/site-packages/airflow/example_dags/example_dynamic_task_mapping_with_no_taskflow_operators.py                           1           0  0.84s           2026-06-15T00:17:31
/Users/fatimanaqib/Documents/job-market-tracker/.venv/lib/python3.11/site-packages/airflow/example_dags/plugins/workday.py                                                                   0           0  0.82s           2026-06-15T00:18:00
/Users/fatimanaqib/Documents/job-market-tracker/.venv/lib/python3.11/site-packages/airflow/example_dags/example_xcom.py                                                                      1           0  0.79s           2026-06-15T00:17:15
/Users/fatimanaqib/Documents/job-market-tracker/.venv/lib/python3.11/site-packages/airflow/example_dags/example_branch_operator.py                                                           0           0  0.77s           2026-06-15T00:17:45
/Users/fatimanaqib/Documents/job-market-tracker/.venv/lib/python3.11/site-packages/airflow/example_dags/example_branch_day_of_week_operator.py                                               1           0  0.76s           2026-06-15T00:17:48
/Users/fatimanaqib/Documents/job-market-tracker/.venv/lib/python3.11/site-packages/airflow/example_dags/example_sla_dag.py                                                                   1           0  0.76s           2026-06-15T00:17:27
/Users/fatimanaqib/Documents/job-market-tracker/.venv/lib/python3.11/site-packages/airflow/example_dags/example_complex.py                                                                   1           0  0.75s           2026-06-15T00:17:40
/Users/fatimanaqib/Documents/job-market-tracker/.venv/lib/python3.11/site-packages/airflow/example_dags/tutorial_dag.py                                                                      1           0  0.75s           2026-06-15T00:17:10
/Users/fatimanaqib/Documents/job-market-tracker/.venv/lib/python3.11/site-packages/airflow/example_dags/example_bash_decorator.py                                                            1           0  0.74s           2026-06-15T00:17:54
/Users/fatimanaqib/Documents/job-market-tracker/.venv/lib/python3.11/site-packages/airflow/example_dags/plugins/listener_plugin.py                                                           0           0  0.74s           2026-06-15T00:18:02
/Users/fatimanaqib/Documents/job-market-tracker/.venv/lib/python3.11/site-packages/airflow/example_dags/example_task_group_decorator.py                                                      1           0  0.73s           2026-06-15T00:17:22
/Users/fatimanaqib/Documents/job-market-tracker/.venv/lib/python3.11/site-packages/airflow/example_dags/example_short_circuit_decorator.py                                                   1           0  0.72s           2026-06-15T00:16:30
/Users/fatimanaqib/Documents/job-market-tracker/.venv/lib/python3.11/site-packages/airflow/example_dags/example_subdag_operator.py                                                           3           0  0.72s           2026-06-15T00:17:25
/Users/fatimanaqib/Documents/job-market-tracker/.venv/lib/python3.11/site-packages/airflow/example_dags/tutorial_objectstorage.py                                                            1           0  0.72s           2026-06-15T00:17:08
/Users/fatimanaqib/Documents/job-market-tracker/.venv/lib/python3.11/site-packages/airflow/example_dags/example_time_delta_sensor_async.py                                                   1           0  0.71s           2026-06-15T00:17:20
/Users/fatimanaqib/Documents/job-market-tracker/airflow/dags/job_ingestion_dag.py                                                                                                            1           0  0.71s           2026-06-15T00:17:55
/Users/fatimanaqib/Documents/job-market-tracker/.venv/lib/python3.11/site-packages/airflow/example_dags/example_datasets.py                                                                 10           0  0.71s           2026-06-15T00:17:36
/Users/fatimanaqib/Documents/job-market-tracker/.venv/lib/python3.11/site-packages/airflow/example_dags/tutorial_taskflow_api.py                                                             1           0  0.71s           2026-06-15T00:17:06
/Users/fatimanaqib/Documents/job-market-tracker/.venv/lib/python3.11/site-packages/airflow/example_dags/example_params_ui_tutorial.py                                                        1           0  0.71s           2026-06-15T00:16:44
/Users/fatimanaqib/Documents/job-market-tracker/.venv/lib/python3.11/site-packages/airflow/example_dags/example_python_operator.py                                                           1           0  0.71s           2026-06-15T00:16:39
/Users/fatimanaqib/Documents/job-market-tracker/.venv/lib/python3.11/site-packages/airflow/example_dags/example_branch_datetime_operator.py                                                  3           0  0.71s           2026-06-15T00:17:50
/Users/fatimanaqib/Documents/job-market-tracker/.venv/lib/python3.11/site-packages/airflow/example_dags/example_params_trigger_ui.py                                                         1           0  0.70s           2026-06-15T00:16:46
/Users/fatimanaqib/Documents/job-market-tracker/.venv/lib/python3.11/site-packages/airflow/example_dags/example_branch_python_dop_operator_3.py                                              1           0  0.70s           2026-06-15T00:17:41
/Users/fatimanaqib/Documents/job-market-tracker/.venv/lib/python3.11/site-packages/airflow/example_dags/example_python_decorator.py                                                          1           0  0.69s           2026-06-15T00:16:41
/Users/fatimanaqib/Documents/job-market-tracker/.venv/lib/python3.11/site-packages/airflow/example_dags/example_display_name.py                                                              1           0  0.69s           2026-06-15T00:17:34
/Users/fatimanaqib/Documents/job-market-tracker/.venv/lib/python3.11/site-packages/airflow/example_dags/example_task_group.py                                                                1           0  0.69s           2026-06-15T00:17:24
/Users/fatimanaqib/Documents/job-market-tracker/.venv/lib/python3.11/site-packages/airflow/example_dags/example_sensor_decorator.py                                                          1           0  0.69s           2026-06-15T00:16:37
/Users/fatimanaqib/Documents/job-market-tracker/.venv/lib/python3.11/site-packages/airflow/example_dags/example_latest_only_with_trigger.py                                                  1           0  0.69s           2026-06-15T00:16:51
/Users/fatimanaqib/Documents/job-market-tracker/.venv/lib/python3.11/site-packages/airflow/example_dags/example_sensors.py                                                                   1           0  0.69s           2026-06-15T00:16:35
/Users/fatimanaqib/Documents/job-market-tracker/.venv/lib/python3.11/site-packages/airflow/example_dags/example_setup_teardown_taskflow.py                                                   1           0  0.68s           2026-06-15T00:16:32
/Users/fatimanaqib/Documents/job-market-tracker/.venv/lib/python3.11/site-packages/airflow/example_dags/example_xcomargs.py                                                                  2           0  0.68s           2026-06-15T00:17:13
/Users/fatimanaqib/Documents/job-market-tracker/.venv/lib/python3.11/site-packages/airflow/example_dags/example_bash_operator.py                                                             1           0  0.68s           2026-06-15T00:17:52
/Users/fatimanaqib/Documents/job-market-tracker/.venv/lib/python3.11/site-packages/airflow/example_dags/example_dynamic_task_mapping.py                                                      1           0  0.68s           2026-06-15T00:17:33
/Users/fatimanaqib/Documents/job-market-tracker/.venv/lib/python3.11/site-packages/airflow/example_dags/example_latest_only.py                                                               1           0  0.68s           2026-06-15T00:16:53
/Users/fatimanaqib/Documents/job-market-tracker/.venv/lib/python3.11/site-packages/airflow/example_dags/tutorial_taskflow_api_virtualenv.py                                                  0           0  0.67s           2026-06-15T00:17:05
/Users/fatimanaqib/Documents/job-market-tracker/.venv/lib/python3.11/site-packages/airflow/example_dags/example_passing_params_via_test_command.py                                           1           0  0.67s           2026-06-15T00:16:42
/Users/fatimanaqib/Documents/job-market-tracker/.venv/lib/python3.11/site-packages/airflow/example_dags/example_short_circuit_operator.py                                                    1           0  0.67s           2026-06-15T00:16:29
/Users/fatimanaqib/Documents/job-market-tracker/airflow/dags/__init__.py                                                                                                                     0           0  0.67s           2026-06-15T00:17:57
/Users/fatimanaqib/Documents/job-market-tracker/.venv/lib/python3.11/site-packages/airflow/example_dags/plugins/decreasing_priority_weight_strategy.py                                       0           0  0.67s           2026-06-15T00:17:03
/Users/fatimanaqib/Documents/job-market-tracker/.venv/lib/python3.11/site-packages/airflow/example_dags/example_nested_branch_dag.py                                                         1           0  0.67s           2026-06-15T00:16:48
/Users/fatimanaqib/Documents/job-market-tracker/.venv/lib/python3.11/site-packages/airflow/example_dags/example_local_kubernetes_executor.py                                                 0           0  0.67s           2026-06-15T00:16:49
/Users/fatimanaqib/Documents/job-market-tracker/.venv/lib/python3.11/site-packages/airflow/example_dags/tutorial.py                                                                          1           0  0.66s           2026-06-15T00:17:12
/Users/fatimanaqib/Documents/job-market-tracker/.venv/lib/python3.11/site-packages/airflow/example_dags/example_kubernetes_executor.py                                                       0           0  0.66s           2026-06-15T00:16:54
/Users/fatimanaqib/Documents/job-market-tracker/.venv/lib/python3.11/site-packages/airflow/example_dags/example_setup_teardown.py                                                            1           0  0.66s           2026-06-15T00:16:34
/Users/fatimanaqib/Documents/job-market-tracker/.venv/lib/python3.11/site-packages/airflow/example_dags/example_trigger_target_dag.py                                                        1           0  0.66s           2026-06-15T00:17:17
/Users/fatimanaqib/Documents/job-market-tracker/.venv/lib/python3.11/site-packages/airflow/example_dags/example_skip_dag.py                                                                  1           0  0.66s           2026-06-15T00:16:27
/Users/fatimanaqib/Documents/job-market-tracker/.venv/lib/python3.11/site-packages/airflow/example_dags/example_branch_operator_decorator.py                                                 0           0  0.66s           2026-06-15T00:17:43
/Users/fatimanaqib/Documents/job-market-tracker/.venv/lib/python3.11/site-packages/airflow/example_dags/plugins/event_listener.py                                                            0           0  0.66s           2026-06-15T00:18:04
/Users/fatimanaqib/Documents/job-market-tracker/.venv/lib/python3.11/site-packages/airflow/example_dags/example_external_task_marker_dag.py                                                  2           0  0.65s           2026-06-15T00:17:29
/Users/fatimanaqib/Documents/job-market-tracker/.venv/lib/python3.11/site-packages/airflow/example_dags/example_trigger_controller_dag.py                                                    1           0  0.65s           2026-06-15T00:17:19
/Users/fatimanaqib/Documents/job-market-tracker/.venv/lib/python3.11/site-packages/airflow/example_dags/example_branch_labels.py                                                             1           0  0.64s           2026-06-15T00:17:47
/Users/fatimanaqib/Documents/job-market-tracker/.venv/lib/python3.11/site-packages/airflow/example_dags/subdags/subdag.py                                                                    0           0  0.61s           2026-06-15T00:17:59
================================================================================
[2026-06-14T17:18:35.657-0700] {manager.py:878} INFO - 
================================================================================
DAG File Processing Stats

File Path                                                                                                                                                           PID    Runtime      # DAGs    # Errors  Last Runtime    Last Run
------------------------------------------------------------------------------------------------------------------------------------------------------------------  -----  ---------  --------  ----------  --------------  -------------------
/Users/fatimanaqib/Documents/job-market-tracker/.venv/lib/python3.11/site-packages/airflow/example_dags/example_dag_decorator.py                                                             1           0  0.86s           2026-06-15T00:17:38
/Users/fatimanaqib/Documents/job-market-tracker/.venv/lib/python3.11/site-packages/airflow/example_dags/example_dynamic_task_mapping_with_no_taskflow_operators.py                           1           0  0.84s           2026-06-15T00:17:31
/Users/fatimanaqib/Documents/job-market-tracker/.venv/lib/python3.11/site-packages/airflow/example_dags/plugins/workday.py                                                                   0           0  0.82s           2026-06-15T00:18:00
/Users/fatimanaqib/Documents/job-market-tracker/.venv/lib/python3.11/site-packages/airflow/example_dags/example_subdag_operator.py                                                           3           0  0.78s           2026-06-15T00:18:27
/Users/fatimanaqib/Documents/job-market-tracker/.venv/lib/python3.11/site-packages/airflow/example_dags/example_sla_dag.py                                                                   1           0  0.78s           2026-06-15T00:18:29
/Users/fatimanaqib/Documents/job-market-tracker/.venv/lib/python3.11/site-packages/airflow/example_dags/example_branch_operator.py                                                           0           0  0.77s           2026-06-15T00:17:45
/Users/fatimanaqib/Documents/job-market-tracker/.venv/lib/python3.11/site-packages/airflow/example_dags/example_branch_day_of_week_operator.py                                               1           0  0.76s           2026-06-15T00:17:48
/Users/fatimanaqib/Documents/job-market-tracker/.venv/lib/python3.11/site-packages/airflow/example_dags/example_complex.py                                                                   1           0  0.75s           2026-06-15T00:17:40
/Users/fatimanaqib/Documents/job-market-tracker/.venv/lib/python3.11/site-packages/airflow/example_dags/example_setup_teardown_taskflow.py                                                   1           0  0.75s           2026-06-15T00:18:35
/Users/fatimanaqib/Documents/job-market-tracker/.venv/lib/python3.11/site-packages/airflow/example_dags/tutorial.py                                                                          1           0  0.74s           2026-06-15T00:18:14
/Users/fatimanaqib/Documents/job-market-tracker/.venv/lib/python3.11/site-packages/airflow/example_dags/example_skip_dag.py                                                                  1           0  0.74s           2026-06-15T00:18:30
/Users/fatimanaqib/Documents/job-market-tracker/.venv/lib/python3.11/site-packages/airflow/example_dags/example_bash_decorator.py                                                            1           0  0.74s           2026-06-15T00:17:54
/Users/fatimanaqib/Documents/job-market-tracker/.venv/lib/python3.11/site-packages/airflow/example_dags/plugins/listener_plugin.py                                                           0           0  0.74s           2026-06-15T00:18:02
/Users/fatimanaqib/Documents/job-market-tracker/.venv/lib/python3.11/site-packages/airflow/example_dags/example_short_circuit_operator.py                                                    1           0  0.72s           2026-06-15T00:18:32
/Users/fatimanaqib/Documents/job-market-tracker/.venv/lib/python3.11/site-packages/airflow/example_dags/example_task_group.py                                                                1           0  0.72s           2026-06-15T00:18:26
/Users/fatimanaqib/Documents/job-market-tracker/.venv/lib/python3.11/site-packages/airflow/example_dags/tutorial_objectstorage.py                                                            1           0  0.72s           2026-06-15T00:18:11
/Users/fatimanaqib/Documents/job-market-tracker/airflow/dags/job_ingestion_dag.py                                                                                                            1           0  0.71s           2026-06-15T00:17:55
/Users/fatimanaqib/Documents/job-market-tracker/.venv/lib/python3.11/site-packages/airflow/example_dags/example_trigger_target_dag.py                                                        1           0  0.71s           2026-06-15T00:18:19
/Users/fatimanaqib/Documents/job-market-tracker/.venv/lib/python3.11/site-packages/airflow/example_dags/example_datasets.py                                                                 10           0  0.71s           2026-06-15T00:17:36
/Users/fatimanaqib/Documents/job-market-tracker/.venv/lib/python3.11/site-packages/airflow/example_dags/example_params_ui_tutorial.py                                                        1           0  0.71s           2026-06-15T00:16:44
/Users/fatimanaqib/Documents/job-market-tracker/.venv/lib/python3.11/site-packages/airflow/example_dags/example_python_operator.py                                                           1           0  0.71s           2026-06-15T00:16:39
/Users/fatimanaqib/Documents/job-market-tracker/.venv/lib/python3.11/site-packages/airflow/example_dags/example_branch_datetime_operator.py                                                  3           0  0.71s           2026-06-15T00:17:50
/Users/fatimanaqib/Documents/job-market-tracker/.venv/lib/python3.11/site-packages/airflow/example_dags/example_params_trigger_ui.py                                                         1           0  0.70s           2026-06-15T00:16:46
/Users/fatimanaqib/Documents/job-market-tracker/.venv/lib/python3.11/site-packages/airflow/example_dags/example_branch_python_dop_operator_3.py                                              1           0  0.70s           2026-06-15T00:17:41
/Users/fatimanaqib/Documents/job-market-tracker/.venv/lib/python3.11/site-packages/airflow/example_dags/example_xcom.py                                                                      1           0  0.70s           2026-06-15T00:18:18
/Users/fatimanaqib/Documents/job-market-tracker/.venv/lib/python3.11/site-packages/airflow/example_dags/example_python_decorator.py                                                          1           0  0.69s           2026-06-15T00:16:41
/Users/fatimanaqib/Documents/job-market-tracker/.venv/lib/python3.11/site-packages/airflow/example_dags/example_display_name.py                                                              1           0  0.69s           2026-06-15T00:17:34
/Users/fatimanaqib/Documents/job-market-tracker/.venv/lib/python3.11/site-packages/airflow/example_dags/example_sensor_decorator.py                                                          1           0  0.69s           2026-06-15T00:16:37
/Users/fatimanaqib/Documents/job-market-tracker/.venv/lib/python3.11/site-packages/airflow/example_dags/example_latest_only_with_trigger.py                                                  1           0  0.69s           2026-06-15T00:16:51
/Users/fatimanaqib/Documents/job-market-tracker/.venv/lib/python3.11/site-packages/airflow/example_dags/example_sensors.py                                                                   1           0  0.69s           2026-06-15T00:16:35
/Users/fatimanaqib/Documents/job-market-tracker/.venv/lib/python3.11/site-packages/airflow/example_dags/example_task_group_decorator.py                                                      1           0  0.68s           2026-06-15T00:18:24
/Users/fatimanaqib/Documents/job-market-tracker/.venv/lib/python3.11/site-packages/airflow/example_dags/tutorial_taskflow_api.py                                                             1           0  0.68s           2026-06-15T00:18:09
/Users/fatimanaqib/Documents/job-market-tracker/.venv/lib/python3.11/site-packages/airflow/example_dags/example_bash_operator.py                                                             1           0  0.68s           2026-06-15T00:17:52
/Users/fatimanaqib/Documents/job-market-tracker/.venv/lib/python3.11/site-packages/airflow/example_dags/example_time_delta_sensor_async.py                                                   1           0  0.68s           2026-06-15T00:18:23
/Users/fatimanaqib/Documents/job-market-tracker/.venv/lib/python3.11/site-packages/airflow/example_dags/example_dynamic_task_mapping.py                                                      1           0  0.68s           2026-06-15T00:17:33
/Users/fatimanaqib/Documents/job-market-tracker/.venv/lib/python3.11/site-packages/airflow/example_dags/example_short_circuit_decorator.py                                                   1           0  0.68s           2026-06-15T00:18:33
/Users/fatimanaqib/Documents/job-market-tracker/.venv/lib/python3.11/site-packages/airflow/example_dags/example_latest_only.py                                                               1           0  0.68s           2026-06-15T00:16:53
/Users/fatimanaqib/Documents/job-market-tracker/.venv/lib/python3.11/site-packages/airflow/example_dags/tutorial_taskflow_api_virtualenv.py                                                  0           0  0.67s           2026-06-15T00:18:07
/Users/fatimanaqib/Documents/job-market-tracker/.venv/lib/python3.11/site-packages/airflow/example_dags/example_passing_params_via_test_command.py                                           1           0  0.67s           2026-06-15T00:16:42
/Users/fatimanaqib/Documents/job-market-tracker/airflow/dags/__init__.py                                                                                                                     0           0  0.67s           2026-06-15T00:17:57
/Users/fatimanaqib/Documents/job-market-tracker/.venv/lib/python3.11/site-packages/airflow/example_dags/example_nested_branch_dag.py                                                         1           0  0.67s           2026-06-15T00:16:48
/Users/fatimanaqib/Documents/job-market-tracker/.venv/lib/python3.11/site-packages/airflow/example_dags/example_local_kubernetes_executor.py                                                 0           0  0.67s           2026-06-15T00:16:49
/Users/fatimanaqib/Documents/job-market-tracker/.venv/lib/python3.11/site-packages/airflow/example_dags/example_xcomargs.py                                                                  2           0  0.66s           2026-06-15T00:18:16
/Users/fatimanaqib/Documents/job-market-tracker/.venv/lib/python3.11/site-packages/airflow/example_dags/example_kubernetes_executor.py                                                       0           0  0.66s           2026-06-15T00:16:54
/Users/fatimanaqib/Documents/job-market-tracker/.venv/lib/python3.11/site-packages/airflow/example_dags/example_setup_teardown.py                                                            1           0  0.66s           2026-06-15T00:16:34
/Users/fatimanaqib/Documents/job-market-tracker/.venv/lib/python3.11/site-packages/airflow/example_dags/example_branch_operator_decorator.py                                                 0           0  0.66s           2026-06-15T00:17:43
/Users/fatimanaqib/Documents/job-market-tracker/.venv/lib/python3.11/site-packages/airflow/example_dags/plugins/event_listener.py                                                            0           0  0.66s           2026-06-15T00:18:04
/Users/fatimanaqib/Documents/job-market-tracker/.venv/lib/python3.11/site-packages/airflow/example_dags/example_external_task_marker_dag.py                                                  2           0  0.65s           2026-06-15T00:17:29
/Users/fatimanaqib/Documents/job-market-tracker/.venv/lib/python3.11/site-packages/airflow/example_dags/example_trigger_controller_dag.py                                                    1           0  0.64s           2026-06-15T00:18:21
/Users/fatimanaqib/Documents/job-market-tracker/.venv/lib/python3.11/site-packages/airflow/example_dags/plugins/decreasing_priority_weight_strategy.py                                       0           0  0.64s           2026-06-15T00:18:06
/Users/fatimanaqib/Documents/job-market-tracker/.venv/lib/python3.11/site-packages/airflow/example_dags/tutorial_dag.py                                                                      1           0  0.64s           2026-06-15T00:18:12
/Users/fatimanaqib/Documents/job-market-tracker/.venv/lib/python3.11/site-packages/airflow/example_dags/example_branch_labels.py                                                             1           0  0.64s           2026-06-15T00:17:47
/Users/fatimanaqib/Documents/job-market-tracker/.venv/lib/python3.11/site-packages/airflow/example_dags/subdags/subdag.py                                                                    0           0  0.61s           2026-06-15T00:17:59
================================================================================
[2026-06-14T17:19:05.860-0700] {manager.py:878} INFO - 
================================================================================
DAG File Processing Stats

File Path                                                                                                                                                           PID    Runtime      # DAGs    # Errors  Last Runtime    Last Run
------------------------------------------------------------------------------------------------------------------------------------------------------------------  -----  ---------  --------  ----------  --------------  -------------------
/Users/fatimanaqib/Documents/job-market-tracker/.venv/lib/python3.11/site-packages/airflow/example_dags/example_dag_decorator.py                                                             1           0  0.86s           2026-06-15T00:17:38
/Users/fatimanaqib/Documents/job-market-tracker/.venv/lib/python3.11/site-packages/airflow/example_dags/example_dynamic_task_mapping_with_no_taskflow_operators.py                           1           0  0.84s           2026-06-15T00:17:31
/Users/fatimanaqib/Documents/job-market-tracker/.venv/lib/python3.11/site-packages/airflow/example_dags/example_passing_params_via_test_command.py                                           1           0  0.79s           2026-06-15T00:18:45
/Users/fatimanaqib/Documents/job-market-tracker/.venv/lib/python3.11/site-packages/airflow/example_dags/example_subdag_operator.py                                                           3           0  0.78s           2026-06-15T00:18:27
/Users/fatimanaqib/Documents/job-market-tracker/.venv/lib/python3.11/site-packages/airflow/example_dags/example_sla_dag.py                                                                   1           0  0.78s           2026-06-15T00:18:29
/Users/fatimanaqib/Documents/job-market-tracker/.venv/lib/python3.11/site-packages/airflow/example_dags/example_branch_operator.py                                                           0           0  0.77s           2026-06-15T00:17:45
/Users/fatimanaqib/Documents/job-market-tracker/.venv/lib/python3.11/site-packages/airflow/example_dags/example_branch_day_of_week_operator.py                                               1           0  0.76s           2026-06-15T00:17:48
/Users/fatimanaqib/Documents/job-market-tracker/.venv/lib/python3.11/site-packages/airflow/example_dags/example_complex.py                                                                   1           0  0.75s           2026-06-15T00:17:40
/Users/fatimanaqib/Documents/job-market-tracker/.venv/lib/python3.11/site-packages/airflow/example_dags/example_setup_teardown_taskflow.py                                                   1           0  0.75s           2026-06-15T00:18:35
/Users/fatimanaqib/Documents/job-market-tracker/.venv/lib/python3.11/site-packages/airflow/example_dags/tutorial.py                                                                          1           0  0.74s           2026-06-15T00:18:14
/Users/fatimanaqib/Documents/job-market-tracker/.venv/lib/python3.11/site-packages/airflow/example_dags/example_skip_dag.py                                                                  1           0  0.74s           2026-06-15T00:18:30
/Users/fatimanaqib/Documents/job-market-tracker/.venv/lib/python3.11/site-packages/airflow/example_dags/plugins/workday.py                                                                   0           0  0.74s           2026-06-15T00:18:58
/Users/fatimanaqib/Documents/job-market-tracker/.venv/lib/python3.11/site-packages/airflow/example_dags/example_bash_decorator.py                                                            1           0  0.74s           2026-06-15T00:17:54
/Users/fatimanaqib/Documents/job-market-tracker/.venv/lib/python3.11/site-packages/airflow/example_dags/example_short_circuit_operator.py                                                    1           0  0.72s           2026-06-15T00:18:32
/Users/fatimanaqib/Documents/job-market-tracker/.venv/lib/python3.11/site-packages/airflow/example_dags/example_task_group.py                                                                1           0  0.72s           2026-06-15T00:18:26
/Users/fatimanaqib/Documents/job-market-tracker/.venv/lib/python3.11/site-packages/airflow/example_dags/tutorial_taskflow_api.py                                                             1           0  0.72s           2026-06-15T00:19:05
/Users/fatimanaqib/Documents/job-market-tracker/.venv/lib/python3.11/site-packages/airflow/example_dags/tutorial_objectstorage.py                                                            1           0  0.72s           2026-06-15T00:18:11
/Users/fatimanaqib/Documents/job-market-tracker/.venv/lib/python3.11/site-packages/airflow/example_dags/example_latest_only.py                                                               1           0  0.71s           2026-06-15T00:18:54
/Users/fatimanaqib/Documents/job-market-tracker/airflow/dags/job_ingestion_dag.py                                                                                                            1           0  0.71s           2026-06-15T00:17:55
/Users/fatimanaqib/Documents/job-market-tracker/.venv/lib/python3.11/site-packages/airflow/example_dags/plugins/event_listener.py                                                            0           0  0.71s           2026-06-15T00:19:01
/Users/fatimanaqib/Documents/job-market-tracker/.venv/lib/python3.11/site-packages/airflow/example_dags/example_trigger_target_dag.py                                                        1           0  0.71s           2026-06-15T00:18:19
/Users/fatimanaqib/Documents/job-market-tracker/.venv/lib/python3.11/site-packages/airflow/example_dags/example_datasets.py                                                                 10           0  0.71s           2026-06-15T00:17:36
/Users/fatimanaqib/Documents/job-market-tracker/.venv/lib/python3.11/site-packages/airflow/example_dags/example_branch_datetime_operator.py                                                  3           0  0.71s           2026-06-15T00:17:50
/Users/fatimanaqib/Documents/job-market-tracker/.venv/lib/python3.11/site-packages/airflow/example_dags/example_kubernetes_executor.py                                                       0           0  0.70s           2026-06-15T00:18:56
/Users/fatimanaqib/Documents/job-market-tracker/.venv/lib/python3.11/site-packages/airflow/example_dags/example_branch_python_dop_operator_3.py                                              1           0  0.70s           2026-06-15T00:17:41
/Users/fatimanaqib/Documents/job-market-tracker/.venv/lib/python3.11/site-packages/airflow/example_dags/example_latest_only_with_trigger.py                                                  1           0  0.70s           2026-06-15T00:18:52
/Users/fatimanaqib/Documents/job-market-tracker/.venv/lib/python3.11/site-packages/airflow/example_dags/example_python_decorator.py                                                          1           0  0.70s           2026-06-15T00:18:43
/Users/fatimanaqib/Documents/job-market-tracker/.venv/lib/python3.11/site-packages/airflow/example_dags/example_xcom.py                                                                      1           0  0.70s           2026-06-15T00:18:18
/Users/fatimanaqib/Documents/job-market-tracker/.venv/lib/python3.11/site-packages/airflow/example_dags/example_params_ui_tutorial.py                                                        1           0  0.69s           2026-06-15T00:18:46
/Users/fatimanaqib/Documents/job-market-tracker/.venv/lib/python3.11/site-packages/airflow/example_dags/example_display_name.py                                                              1           0  0.69s           2026-06-15T00:17:34
/Users/fatimanaqib/Documents/job-market-tracker/.venv/lib/python3.11/site-packages/airflow/example_dags/plugins/decreasing_priority_weight_strategy.py                                       0           0  0.69s           2026-06-15T00:19:03
/Users/fatimanaqib/Documents/job-market-tracker/.venv/lib/python3.11/site-packages/airflow/example_dags/example_python_operator.py                                                           1           0  0.69s           2026-06-15T00:18:41
/Users/fatimanaqib/Documents/job-market-tracker/.venv/lib/python3.11/site-packages/airflow/example_dags/example_task_group_decorator.py                                                      1           0  0.68s           2026-06-15T00:18:24
/Users/fatimanaqib/Documents/job-market-tracker/.venv/lib/python3.11/site-packages/airflow/example_dags/subdags/subdag.py                                                                    0           0  0.68s           2026-06-15T00:18:57
/Users/fatimanaqib/Documents/job-market-tracker/.venv/lib/python3.11/site-packages/airflow/example_dags/example_setup_teardown.py                                                            1           0  0.68s           2026-06-15T00:18:37
/Users/fatimanaqib/Documents/job-market-tracker/.venv/lib/python3.11/site-packages/airflow/example_dags/example_bash_operator.py                                                             1           0  0.68s           2026-06-15T00:17:52
/Users/fatimanaqib/Documents/job-market-tracker/.venv/lib/python3.11/site-packages/airflow/example_dags/example_time_delta_sensor_async.py                                                   1           0  0.68s           2026-06-15T00:18:23
/Users/fatimanaqib/Documents/job-market-tracker/.venv/lib/python3.11/site-packages/airflow/example_dags/example_local_kubernetes_executor.py                                                 0           0  0.68s           2026-06-15T00:18:50
/Users/fatimanaqib/Documents/job-market-tracker/.venv/lib/python3.11/site-packages/airflow/example_dags/example_dynamic_task_mapping.py                                                      1           0  0.68s           2026-06-15T00:17:33
/Users/fatimanaqib/Documents/job-market-tracker/.venv/lib/python3.11/site-packages/airflow/example_dags/example_short_circuit_decorator.py                                                   1           0  0.68s           2026-06-15T00:18:33
/Users/fatimanaqib/Documents/job-market-tracker/.venv/lib/python3.11/site-packages/airflow/example_dags/example_sensor_decorator.py                                                          1           0  0.68s           2026-06-15T00:18:40
/Users/fatimanaqib/Documents/job-market-tracker/airflow/dags/__init__.py                                                                                                                     0           0  0.67s           2026-06-15T00:17:57
/Users/fatimanaqib/Documents/job-market-tracker/.venv/lib/python3.11/site-packages/airflow/example_dags/example_xcomargs.py                                                                  2           0  0.66s           2026-06-15T00:18:16
/Users/fatimanaqib/Documents/job-market-tracker/.venv/lib/python3.11/site-packages/airflow/example_dags/plugins/listener_plugin.py                                                           0           0  0.66s           2026-06-15T00:19:00
/Users/fatimanaqib/Documents/job-market-tracker/.venv/lib/python3.11/site-packages/airflow/example_dags/example_branch_operator_decorator.py                                                 0           0  0.66s           2026-06-15T00:17:43
/Users/fatimanaqib/Documents/job-market-tracker/.venv/lib/python3.11/site-packages/airflow/example_dags/example_sensors.py                                                                   1           0  0.65s           2026-06-15T00:18:38
/Users/fatimanaqib/Documents/job-market-tracker/.venv/lib/python3.11/site-packages/airflow/example_dags/example_external_task_marker_dag.py                                                  2           0  0.65s           2026-06-15T00:17:29
/Users/fatimanaqib/Documents/job-market-tracker/.venv/lib/python3.11/site-packages/airflow/example_dags/tutorial_taskflow_api_virtualenv.py                                                  0           0  0.65s           2026-06-15T00:19:04
/Users/fatimanaqib/Documents/job-market-tracker/.venv/lib/python3.11/site-packages/airflow/example_dags/example_nested_branch_dag.py                                                         1           0  0.65s           2026-06-15T00:18:49
/Users/fatimanaqib/Documents/job-market-tracker/.venv/lib/python3.11/site-packages/airflow/example_dags/example_params_trigger_ui.py                                                         1           0  0.64s           2026-06-15T00:18:48
/Users/fatimanaqib/Documents/job-market-tracker/.venv/lib/python3.11/site-packages/airflow/example_dags/example_trigger_controller_dag.py                                                    1           0  0.64s           2026-06-15T00:18:21
/Users/fatimanaqib/Documents/job-market-tracker/.venv/lib/python3.11/site-packages/airflow/example_dags/tutorial_dag.py                                                                      1           0  0.64s           2026-06-15T00:18:12
/Users/fatimanaqib/Documents/job-market-tracker/.venv/lib/python3.11/site-packages/airflow/example_dags/example_branch_labels.py                                                             1           0  0.64s           2026-06-15T00:17:47
================================================================================
[2026-06-14T17:19:26.371-0700] {manager.py:737} INFO - Searching for files in /Users/fatimanaqib/Documents/job-market-tracker/airflow/dags
[2026-06-14T17:19:26.389-0700] {manager.py:740} INFO - There are 53 files in /Users/fatimanaqib/Documents/job-market-tracker/airflow/dags
[2026-06-14T17:19:37.551-0700] {manager.py:878} INFO - 
================================================================================
DAG File Processing Stats

File Path                                                                                                                                                           PID    Runtime      # DAGs    # Errors  Last Runtime    Last Run
------------------------------------------------------------------------------------------------------------------------------------------------------------------  -----  ---------  --------  ----------  --------------  -------------------
/Users/fatimanaqib/Documents/job-market-tracker/.venv/lib/python3.11/site-packages/airflow/example_dags/example_dag_decorator.py                                                             1           0  0.96s           2026-06-15T00:19:30
/Users/fatimanaqib/Documents/job-market-tracker/.venv/lib/python3.11/site-packages/airflow/example_dags/example_dynamic_task_mapping.py                                                      1           0  0.81s           2026-06-15T00:19:25
/Users/fatimanaqib/Documents/job-market-tracker/.venv/lib/python3.11/site-packages/airflow/example_dags/example_passing_params_via_test_command.py                                           1           0  0.79s           2026-06-15T00:18:45
/Users/fatimanaqib/Documents/job-market-tracker/.venv/lib/python3.11/site-packages/airflow/example_dags/example_subdag_operator.py                                                           3           0  0.78s           2026-06-15T00:18:27
/Users/fatimanaqib/Documents/job-market-tracker/.venv/lib/python3.11/site-packages/airflow/example_dags/example_sla_dag.py                                                                   1           0  0.78s           2026-06-15T00:18:29
/Users/fatimanaqib/Documents/job-market-tracker/.venv/lib/python3.11/site-packages/airflow/example_dags/example_branch_day_of_week_operator.py                                               1           0  0.76s           2026-06-15T00:17:48
/Users/fatimanaqib/Documents/job-market-tracker/.venv/lib/python3.11/site-packages/airflow/example_dags/tutorial_objectstorage.py                                                            1           0  0.75s           2026-06-15T00:19:07
/Users/fatimanaqib/Documents/job-market-tracker/.venv/lib/python3.11/site-packages/airflow/example_dags/tutorial.py                                                                          1           0  0.75s           2026-06-15T00:19:11
/Users/fatimanaqib/Documents/job-market-tracker/.venv/lib/python3.11/site-packages/airflow/example_dags/example_setup_teardown_taskflow.py                                                   1           0  0.75s           2026-06-15T00:18:35
/Users/fatimanaqib/Documents/job-market-tracker/.venv/lib/python3.11/site-packages/airflow/example_dags/example_skip_dag.py                                                                  1           0  0.74s           2026-06-15T00:18:30
/Users/fatimanaqib/Documents/job-market-tracker/.venv/lib/python3.11/site-packages/airflow/example_dags/example_complex.py                                                                   1           0  0.74s           2026-06-15T00:19:32
/Users/fatimanaqib/Documents/job-market-tracker/.venv/lib/python3.11/site-packages/airflow/example_dags/plugins/workday.py                                                                   0           0  0.74s           2026-06-15T00:18:58
/Users/fatimanaqib/Documents/job-market-tracker/.venv/lib/python3.11/site-packages/airflow/example_dags/example_bash_decorator.py                                                            1           0  0.74s           2026-06-15T00:17:54
/Users/fatimanaqib/Documents/job-market-tracker/.venv/lib/python3.11/site-packages/airflow/example_dags/example_short_circuit_operator.py                                                    1           0  0.72s           2026-06-15T00:18:32
/Users/fatimanaqib/Documents/job-market-tracker/.venv/lib/python3.11/site-packages/airflow/example_dags/example_task_group.py                                                                1           0  0.72s           2026-06-15T00:18:26
/Users/fatimanaqib/Documents/job-market-tracker/.venv/lib/python3.11/site-packages/airflow/example_dags/example_display_name.py                                                              1           0  0.72s           2026-06-15T00:19:27
/Users/fatimanaqib/Documents/job-market-tracker/.venv/lib/python3.11/site-packages/airflow/example_dags/tutorial_taskflow_api.py                                                             1           0  0.72s           2026-06-15T00:19:05
/Users/fatimanaqib/Documents/job-market-tracker/.venv/lib/python3.11/site-packages/airflow/example_dags/example_latest_only.py                                                               1           0  0.71s           2026-06-15T00:18:54
/Users/fatimanaqib/Documents/job-market-tracker/airflow/dags/job_ingestion_dag.py                                                                                                            1           0  0.71s           2026-06-15T00:17:55
/Users/fatimanaqib/Documents/job-market-tracker/.venv/lib/python3.11/site-packages/airflow/example_dags/plugins/event_listener.py                                                            0           0  0.71s           2026-06-15T00:19:01
/Users/fatimanaqib/Documents/job-market-tracker/.venv/lib/python3.11/site-packages/airflow/example_dags/example_task_group_decorator.py                                                      1           0  0.71s           2026-06-15T00:19:20
/Users/fatimanaqib/Documents/job-market-tracker/.venv/lib/python3.11/site-packages/airflow/example_dags/example_branch_datetime_operator.py                                                  3           0  0.71s           2026-06-15T00:17:50
/Users/fatimanaqib/Documents/job-market-tracker/.venv/lib/python3.11/site-packages/airflow/example_dags/example_time_delta_sensor_async.py                                                   1           0  0.70s           2026-06-15T00:19:19
/Users/fatimanaqib/Documents/job-market-tracker/.venv/lib/python3.11/site-packages/airflow/example_dags/example_kubernetes_executor.py                                                       0           0  0.70s           2026-06-15T00:18:56
/Users/fatimanaqib/Documents/job-market-tracker/.venv/lib/python3.11/site-packages/airflow/example_dags/example_datasets.py                                                                 10           0  0.70s           2026-06-15T00:19:28
/Users/fatimanaqib/Documents/job-market-tracker/.venv/lib/python3.11/site-packages/airflow/example_dags/example_latest_only_with_trigger.py                                                  1           0  0.70s           2026-06-15T00:18:52
/Users/fatimanaqib/Documents/job-market-tracker/.venv/lib/python3.11/site-packages/airflow/example_dags/example_python_decorator.py                                                          1           0  0.70s           2026-06-15T00:18:43
/Users/fatimanaqib/Documents/job-market-tracker/.venv/lib/python3.11/site-packages/airflow/example_dags/example_branch_python_dop_operator_3.py                                              1           0  0.70s           2026-06-15T00:19:34
/Users/fatimanaqib/Documents/job-market-tracker/.venv/lib/python3.11/site-packages/airflow/example_dags/example_branch_operator.py                                                           0           0  0.70s           2026-06-15T00:19:37
/Users/fatimanaqib/Documents/job-market-tracker/.venv/lib/python3.11/site-packages/airflow/example_dags/example_params_ui_tutorial.py                                                        1           0  0.69s           2026-06-15T00:18:46
/Users/fatimanaqib/Documents/job-market-tracker/.venv/lib/python3.11/site-packages/airflow/example_dags/plugins/decreasing_priority_weight_strategy.py                                       0           0  0.69s           2026-06-15T00:19:03
/Users/fatimanaqib/Documents/job-market-tracker/.venv/lib/python3.11/site-packages/airflow/example_dags/example_python_operator.py                                                           1           0  0.69s           2026-06-15T00:18:41
/Users/fatimanaqib/Documents/job-market-tracker/.venv/lib/python3.11/site-packages/airflow/example_dags/subdags/subdag.py                                                                    0           0  0.68s           2026-06-15T00:18:57
/Users/fatimanaqib/Documents/job-market-tracker/.venv/lib/python3.11/site-packages/airflow/example_dags/example_trigger_controller_dag.py                                                    1           0  0.68s           2026-06-15T00:19:17
/Users/fatimanaqib/Documents/job-market-tracker/.venv/lib/python3.11/site-packages/airflow/example_dags/example_branch_operator_decorator.py                                                 0           0  0.68s           2026-06-15T00:19:35
/Users/fatimanaqib/Documents/job-market-tracker/.venv/lib/python3.11/site-packages/airflow/example_dags/example_setup_teardown.py                                                            1           0  0.68s           2026-06-15T00:18:37
/Users/fatimanaqib/Documents/job-market-tracker/.venv/lib/python3.11/site-packages/airflow/example_dags/example_bash_operator.py                                                             1           0  0.68s           2026-06-15T00:17:52
/Users/fatimanaqib/Documents/job-market-tracker/.venv/lib/python3.11/site-packages/airflow/example_dags/example_local_kubernetes_executor.py                                                 0           0  0.68s           2026-06-15T00:18:50
/Users/fatimanaqib/Documents/job-market-tracker/.venv/lib/python3.11/site-packages/airflow/example_dags/example_short_circuit_decorator.py                                                   1           0  0.68s           2026-06-15T00:18:33
/Users/fatimanaqib/Documents/job-market-tracker/.venv/lib/python3.11/site-packages/airflow/example_dags/example_sensor_decorator.py                                                          1           0  0.68s           2026-06-15T00:18:40
/Users/fatimanaqib/Documents/job-market-tracker/.venv/lib/python3.11/site-packages/airflow/example_dags/example_xcomargs.py                                                                  2           0  0.67s           2026-06-15T00:19:12
/Users/fatimanaqib/Documents/job-market-tracker/airflow/dags/__init__.py                                                                                                                     0           0  0.67s           2026-06-15T00:17:57
/Users/fatimanaqib/Documents/job-market-tracker/.venv/lib/python3.11/site-packages/airflow/example_dags/example_trigger_target_dag.py                                                        1           0  0.66s           2026-06-15T00:19:16
/Users/fatimanaqib/Documents/job-market-tracker/.venv/lib/python3.11/site-packages/airflow/example_dags/plugins/listener_plugin.py                                                           0           0  0.66s           2026-06-15T00:19:00
/Users/fatimanaqib/Documents/job-market-tracker/.venv/lib/python3.11/site-packages/airflow/example_dags/example_external_task_marker_dag.py                                                  2           0  0.66s           2026-06-15T00:19:21
/Users/fatimanaqib/Documents/job-market-tracker/.venv/lib/python3.11/site-packages/airflow/example_dags/example_sensors.py                                                                   1           0  0.65s           2026-06-15T00:18:38
/Users/fatimanaqib/Documents/job-market-tracker/.venv/lib/python3.11/site-packages/airflow/example_dags/tutorial_taskflow_api_virtualenv.py                                                  0           0  0.65s           2026-06-15T00:19:04
/Users/fatimanaqib/Documents/job-market-tracker/.venv/lib/python3.11/site-packages/airflow/example_dags/example_nested_branch_dag.py                                                         1           0  0.65s           2026-06-15T00:18:49
/Users/fatimanaqib/Documents/job-market-tracker/.venv/lib/python3.11/site-packages/airflow/example_dags/tutorial_dag.py                                                                      1           0  0.64s           2026-06-15T00:19:09
/Users/fatimanaqib/Documents/job-market-tracker/.venv/lib/python3.11/site-packages/airflow/example_dags/example_dynamic_task_mapping_with_no_taskflow_operators.py                           1           0  0.64s           2026-06-15T00:19:23
/Users/fatimanaqib/Documents/job-market-tracker/.venv/lib/python3.11/site-packages/airflow/example_dags/example_params_trigger_ui.py                                                         1           0  0.64s           2026-06-15T00:18:48
/Users/fatimanaqib/Documents/job-market-tracker/.venv/lib/python3.11/site-packages/airflow/example_dags/example_xcom.py                                                                      1           0  0.64s           2026-06-15T00:19:14
/Users/fatimanaqib/Documents/job-market-tracker/.venv/lib/python3.11/site-packages/airflow/example_dags/example_branch_labels.py                                                             1           0  0.64s           2026-06-15T00:17:47
================================================================================
[2026-06-14T17:19:40.272-0700] {manager.py:452} INFO - Exiting gracefully upon receiving signal 15
[2026-06-14T17:19:48.754-0700] {manager.py:470} INFO - Processing files using up to 1 processes at a time 
[2026-06-14T17:19:48.754-0700] {manager.py:471} INFO - Process each file at most once every 30 seconds
[2026-06-14T17:19:48.754-0700] {manager.py:472} INFO - Checking for new files in /Users/fatimanaqib/Documents/job-market-tracker/airflow/dags every 300 seconds
[2026-06-14T17:19:48.754-0700] {manager.py:737} INFO - Searching for files in /Users/fatimanaqib/Documents/job-market-tracker/airflow/dags
[2026-06-14T17:19:48.755-0700] {manager.py:740} INFO - There are 2 files in /Users/fatimanaqib/Documents/job-market-tracker/airflow/dags
[2026-06-14T17:19:49.468-0700] {manager.py:878} INFO - 
================================================================================
DAG File Processing Stats

File Path                                                                          PID    Runtime      # DAGs    # Errors  Last Runtime    Last Run
---------------------------------------------------------------------------------  -----  ---------  --------  ----------  --------------  -------------------
/Users/fatimanaqib/Documents/job-market-tracker/airflow/dags/job_ingestion_dag.py                           1           0  0.67s           2026-06-15T00:19:49
/Users/fatimanaqib/Documents/job-market-tracker/airflow/dags/__init__.py                                    0           0
================================================================================
